year,month,day,temp,quality,homo
2013,1,1,6.5,8,1
2013,1,2,10,8,1
2013,1,3,5.6,8,1
2013,1,4,3.2,8,1
2013,1,5,2.8,8,1
2013,1,6,4.7,8,1
2013,1,7,5.5,8,1
2013,1,8,6.6,8,1
2013,1,9,6.7,8,1
2013,1,10,5.5,8,1
2013,1,11,5.1,8,1
2013,1,12,4.6,8,1
2013,1,13,7.6,8,1
2013,1,14,3.5,8,1
2013,1,15,4.4,8,1
2013,1,16,3.6,8,1
2013,1,17,4.3,8,1
2013,1,18,3.3,8,1
2013,1,19,5.2,8,1
2013,1,20,6.1,8,1
2013,1,21,6.5,8,1
2013,1,22,6.2,8,1
2013,1,23,6.5,8,1
2013,1,24,6,8,1
2013,1,25,6.8,8,1
2013,1,26,3.8,8,1
2013,1,27,4.8,8,1
2013,1,28,5.4,8,1
2013,1,29,7.1,8,1
2013,1,30,8.1,8,1
2013,1,31,5.8,8,1
2013,2,1,7.9,8,1
2013,2,2,15.6,8,1
2013,2,3,9.9,8,1
2013,2,4,10.1,8,1
2013,2,5,9.5,8,1
2013,2,6,3.4,8,1
2013,2,7,7.1,8,1
2013,2,8,4.7,8,1
2013,2,9,4.4,8,1
2013,2,10,5.4,8,1
2013,2,11,5,8,1
2013,2,12,4.1,8,1
2013,2,13,6.7,8,1
2013,2,14,7.3,8,1
2013,2,15,5.4,8,1
2013,2,16,3.1,8,1
2013,2,17,4.1,8,1
2013,2,18,5.2,8,1
2013,2,19,5.5,8,1
2013,2,20,4.4,8,1
2013,2,21,4.5,8,1
2013,2,22,5.5,8,1
2013,2,23,6.2,8,1
2013,2,24,3.6,8,1
2013,2,25,3,8,1
2013,2,26,5.5,8,1
2013,2,27,5.5,8,1
2013,2,28,9.9,8,1
2013,3,1,13.6,8,1
2013,3,2,8.7,8,1
2013,3,3,6.8,8,1
2013,3,4,6.4,8,1
2013,3,5,8.4,8,1
2013,3,6,11,8,1
2013,3,7,13.5,8,1
2013,3,8,17.7,8,1
2013,3,9,16.7,8,1
2013,3,10,13.6,8,1
2013,3,11,7.9,8,1
2013,3,12,10.7,8,1
2013,3,13,17.2,8,1
2013,3,14,8.3,8,1
2013,3,15,9.2,8,1
2013,3,16,12.5,8,1
2013,3,17,12.9,8,1
2013,3,18,18.3,8,1
2013,3,19,19.7,8,1
2013,3,20,17.4,8,1
2013,3,21,11.7,8,1
2013,3,22,13.2,8,1
2013,3,23,13.7,8,1
2013,3,24,11,8,1
2013,3,25,9.8,8,1
2013,3,26,9.4,8,1
2013,3,27,8.3,8,1
2013,3,28,15,8,1
2013,3,29,16,8,1
2013,3,30,9,8,1
2013,3,31,7.4,8,1
2013,4,1,11.2,8,1
2013,4,2,10.6,8,1
2013,4,3,13.7,8,1
2013,4,4,17.2,8,1
2013,4,5,18.1,8,1
2013,4,6,17.4,8,1
2013,4,7,17.7,8,1
2013,4,8,14.7,8,1
2013,4,9,16.9,8,1
2013,4,10,13.6,8,1
2013,4,11,9.7,8,1
2013,4,12,11.4,8,1
2013,4,13,12.3,8,1
2013,4,14,16.6,8,1
2013,4,15,17.2,8,1
2013,4,16,16.4,8,1
2013,4,17,20.9,8,1
2013,4,18,19.9,8,1
2013,4,19,14.5,8,1
2013,4,20,9.2,8,1
2013,4,21,7.4,8,1
2013,4,22,11.8,8,1
2013,4,23,14.3,8,1
2013,4,24,16.8,8,1
2013,4,25,18,8,1
2013,4,26,17.5,8,1
2013,4,27,15.8,8,1
2013,4,28,16.8,8,1
2013,4,29,17.9,8,1
2013,4,30,19.6,8,1
2013,5,1,14.5,8,1
2013,5,2,14.6,8,1
2013,5,3,14.8,8,1
2013,5,4,16.2,8,1
2013,5,5,18.1,8,1
2013,5,6,20.1,8,1
2013,5,7,15.5,8,1
2013,5,8,17.3,8,1
2013,5,9,19.5,8,1
2013,5,10,22.4,8,1
2013,5,11,18.9,8,1
2013,5,12,19.9,8,1
2013,5,13,19.2,8,1
2013,5,14,22.8,8,1
2013,5,15,20.7,8,1
2013,5,16,20.5,8,1
2013,5,17,18,8,1
2013,5,18,19.9,8,1
2013,5,19,20.1,8,1
2013,5,20,19.1,8,1
2013,5,21,23.2,8,1
2013,5,22,22.3,8,1
2013,5,23,22.5,8,1
2013,5,24,22.2,8,1
2013,5,25,18.2,8,1
2013,5,26,21.7,8,1
2013,5,27,22.3,8,1
2013,5,28,22.2,8,1
2013,5,29,22,8,1
2013,5,30,21.4,8,1
2013,5,31,22.6,8,1
2013,6,1,20.3,8,1
2013,6,2,18.3,8,1
2013,6,3,20,8,1
2013,6,4,23.2,8,1
2013,6,5,22.8,8,1
2013,6,6,22.6,8,1
2013,6,7,22.2,8,1
2013,6,8,22.3,8,1
2013,6,9,23.6,8,1
2013,6,10,23.6,8,1
2013,6,11,21.4,8,1
2013,6,12,21.1,8,1
2013,6,13,21.4,8,1
2013,6,14,23.5,8,1
2013,6,15,26,8,1
2013,6,16,22.9,8,1
2013,6,17,24.6,8,1
2013,6,18,26.9,8,1
2013,6,19,26.7,8,1
2013,6,20,22.3,8,1
2013,6,21,21.8,8,1
2013,6,22,22.8,8,1
2013,6,23,23.4,8,1
2013,6,24,23.3,8,1
2013,6,25,24.1,8,1
2013,6,26,21.8,8,1
2013,6,27,23,8,1
2013,6,28,22.4,8,1
2013,6,29,24,8,1
2013,6,30,24.2,8,1
2013,7,1,23.8,8,1
2013,7,2,24.3,8,1
2013,7,3,24.1,8,1
2013,7,4,25.2,8,1
2013,7,5,26.8,8,1
2013,7,6,29.2,8,1
2013,7,7,29.5,8,1
2013,7,8,29.4,8,1
2013,7,9,30.1,8,1
2013,7,10,30.2,8,1
2013,7,11,30.3,8,1
2013,7,12,30.9,8,1
2013,7,13,30.7,8,1
2013,7,14,29.3,8,1
2013,7,15,28.5,8,1
2013,7,16,25.3,8,1
2013,7,17,24.6,8,1
2013,7,18,27.7,8,1
2013,7,19,25.4,8,1
2013,7,20,23.9,8,1
2013,7,21,24.8,8,1
2013,7,22,26.5,8,1
2013,7,23,28,8,1
2013,7,24,25.4,8,1
2013,7,25,26.7,8,1
2013,7,26,28.4,8,1
2013,7,27,27.6,8,1
2013,7,28,27.3,8,1
2013,7,29,26.3,8,1
2013,7,30,27.8,8,1
2013,7,31,27.4,8,1
2013,8,1,27.5,8,1
2013,8,2,25.6,8,1
2013,8,3,26.7,8,1
2013,8,4,27.8,8,1
2013,8,5,29.1,8,1
2013,8,6,28.7,8,1
2013,8,7,30,8,1
2013,8,8,30.3,8,1
2013,8,9,31,8,1
2013,8,10,33.2,8,1
2013,8,11,32.9,8,1
2013,8,12,31.3,8,1
2013,8,13,30,8,1
2013,8,14,30.2,8,1
2013,8,15,30,8,1
2013,8,16,29.7,8,1
2013,8,17,29.6,8,1
2013,8,18,29.6,8,1
2013,8,19,30.3,8,1
2013,8,20,30.5,8,1
2013,8,21,29.1,8,1
2013,8,22,28.5,8,1
2013,8,23,28.2,8,1
2013,8,24,29,8,1
2013,8,25,25.5,8,1
2013,8,26,26.7,8,1
2013,8,27,25.4,8,1
2013,8,28,27.8,8,1
2013,8,29,28.3,8,1
2013,8,30,31.4,8,1
2013,8,31,30.8,8,1
2013,9,1,30.4,8,1
2013,9,2,29,8,1
2013,9,3,29.6,8,1
2013,9,4,27.9,8,1
2013,9,5,27.5,8,1
2013,9,6,26,8,1
2013,9,7,25.9,8,1
2013,9,8,25.2,8,1
2013,9,9,24.6,8,1
2013,9,10,24.8,8,1
2013,9,11,24.7,8,1
2013,9,12,27.6,8,1
2013,9,13,28.2,8,1
2013,9,14,28.6,8,1
2013,9,15,26.7,8,1
2013,9,16,26.5,8,1
2013,9,17,23.5,8,1
2013,9,18,23.7,8,1
2013,9,19,23.9,8,1
2013,9,20,24.9,8,1
2013,9,21,25.6,8,1
2013,9,22,25.3,8,1
2013,9,23,22,8,1
2013,9,24,22.7,8,1
2013,9,25,23.3,8,1
2013,9,26,22.1,8,1
2013,9,27,19.8,8,1
2013,9,28,20.3,8,1
2013,9,29,22.2,8,1
2013,9,30,22.2,8,1
2013,10,1,22.3,8,1
2013,10,2,23.4,8,1
2013,10,3,24.5,8,1
2013,10,4,18.3,8,1
2013,10,5,17.8,8,1
2013,10,6,21.4,8,1
2013,10,7,23.6,8,1
2013,10,8,25.4,8,1
2013,10,9,26.1,8,1
2013,10,10,25,8,1
2013,10,11,25.7,8,1
2013,10,12,26.1,8,1
2013,10,13,21.6,8,1
2013,10,14,20.8,8,1
2013,10,15,18.2,8,1
2013,10,16,20.1,8,1
2013,10,17,18,8,1
2013,10,18,17.2,8,1
2013,10,19,16.2,8,1
2013,10,20,15.2,8,1
2013,10,21,18.4,8,1
2013,10,22,18.6,8,1
2013,10,23,17.5,8,1
2013,10,24,16,8,1
2013,10,25,18,8,1
2013,10,26,15.4,8,1
2013,10,27,16.6,8,1
2013,10,28,16.1,8,1
2013,10,29,14.7,8,1
2013,10,30,18,8,1
2013,10,31,17.8,8,1
2013,11,1,17.2,8,1
2013,11,2,15.4,8,1
2013,11,3,17.4,8,1
2013,11,4,16.6,8,1
2013,11,5,16,8,1
2013,11,6,16,8,1
2013,11,7,15,8,1
2013,11,8,16.5,8,1
2013,11,9,13.3,8,1
2013,11,10,16.6,8,1
2013,11,11,12.5,8,1
2013,11,12,9.6,8,1
2013,11,13,9.8,8,1
2013,11,14,10.8,8,1
2013,11,15,11.3,8,1
2013,11,16,12.9,8,1
2013,11,17,14.1,8,1
2013,11,18,14.4,8,1
2013,11,19,12.7,8,1
2013,11,20,12.2,8,1
2013,11,21,12,8,1
2013,11,22,12.4,8,1
2013,11,23,12.6,8,1
2013,11,24,12.6,8,1
2013,11,25,14.5,8,1
2013,11,26,15.1,8,1
2013,11,27,12.9,8,1
2013,11,28,14,8,1
2013,11,29,9.8,8,1
2013,11,30,10.2,8,1
2013,12,1,10.4,8,1
2013,12,2,10.8,8,1
2013,12,3,11.7,8,1
2013,12,4,11.5,8,1
2013,12,5,11.6,8,1
2013,12,6,12.5,8,1
2013,12,7,11.1,8,1
2013,12,8,8.8,8,1
2013,12,9,8.2,8,1
2013,12,10,9.5,8,1
2013,12,11,10.1,8,1
2013,12,12,9.9,8,1
2013,12,13,9.7,8,1
2013,12,14,7.6,8,1
2013,12,15,7.2,8,1
2013,12,16,8.2,8,1
2013,12,17,9.2,8,1
2013,12,18,6.6,8,1
2013,12,19,6.3,8,1
2013,12,20,6.1,8,1
2013,12,21,6.8,8,1
2013,12,22,7.6,8,1
2013,12,23,6.4,8,1
2013,12,24,7.6,8,1
2013,12,25,6.7,8,1
2013,12,26,6.3,8,1
2013,12,27,7,8,1
2013,12,28,5.4,8,1
2013,12,29,4.9,8,1
2013,12,30,5.4,8,1
2013,12,31,6.9,8,1
2014,1,1,9.6,8,1
2014,1,2,7.3,8,1
2014,1,3,5.9,8,1
2014,1,4,6.5,8,1
2014,1,5,5.4,8,1
2014,1,6,5.3,8,1
2014,1,7,5.5,8,1
2014,1,8,7.3,8,1
2014,1,9,7.2,8,1
2014,1,10,3.6,8,1
2014,1,11,4.3,8,1
2014,1,12,5.3,8,1
2014,1,13,5.1,8,1
2014,1,14,4.2,8,1
2014,1,15,3,8,1
2014,1,16,4.8,8,1
2014,1,17,5.8,8,1
2014,1,18,5.2,8,1
2014,1,19,4.2,8,1
2014,1,20,4.8,8,1
2014,1,21,6.3,8,1
2014,1,22,5.5,8,1
2014,1,23,6.5,8,1
2014,1,24,7.2,8,1
2014,1,25,8.4,8,1
2014,1,26,9.5,8,1
2014,1,27,4.6,8,1
2014,1,28,8.8,8,1
2014,1,29,8.9,8,1
2014,1,30,10.3,8,1
2014,1,31,9.9,8,1
2014,2,1,7.9,8,1
2014,2,2,9.3,8,1
2014,2,3,12.8,8,1
2014,2,4,5,8,1
2014,2,5,1.6,8,1
2014,2,6,2.7,8,1
2014,2,7,4,8,1
2014,2,8,0.3,8,1
2014,2,9,5.4,8,1
2014,2,10,6,8,1
2014,2,11,3.3,8,1
2014,2,12,4.8,8,1
2014,2,13,5.3,8,1
2014,2,14,1.4,8,1
2014,2,15,3.9,8,1
2014,2,16,6.9,8,1
2014,2,17,7.3,8,1
2014,2,18,4.7,8,1
2014,2,19,4.7,8,1
2014,2,20,4.6,8,1
2014,2,21,5.5,8,1
2014,2,22,5.1,8,1
2014,2,23,5.6,8,1
2014,2,24,6.3,8,1
2014,2,25,8.2,8,1
2014,2,26,10,8,1
2014,2,27,10,8,1
2014,2,28,13.8,8,1
2014,3,1,8.9,8,1
2014,3,2,5.6,8,1
2014,3,3,6.6,8,1
2014,3,4,6.9,8,1
2014,3,5,6.5,8,1
2014,3,6,5.4,8,1
2014,3,7,4.4,8,1
2014,3,8,5.9,8,1
2014,3,9,6.4,8,1
2014,3,10,4.9,8,1
2014,3,11,6.1,8,1
2014,3,12,11,8,1
2014,3,13,12.3,8,1
2014,3,14,10.1,8,1
2014,3,15,8.3,8,1
2014,3,16,10.8,8,1
2014,3,17,12.1,8,1
2014,3,18,15.4,8,1
2014,3,19,11.2,8,1
2014,3,20,8.1,8,1
2014,3,21,10.1,8,1
2014,3,22,9.3,8,1
2014,3,23,11.6,8,1
2014,3,24,13.6,8,1
2014,3,25,16.6,8,1
2014,3,26,16.4,8,1
2014,3,27,12.6,8,1
2014,3,28,14.8,8,1
2014,3,29,17.7,8,1
2014,3,30,16.5,8,1
2014,3,31,15.7,8,1
2014,4,1,13.9,8,1
2014,4,2,15.2,8,1
2014,4,3,13.8,8,1
2014,4,4,15.3,8,1
2014,4,5,11.4,8,1
2014,4,6,9,8,1
2014,4,7,11.4,8,1
2014,4,8,15.8,8,1
2014,4,9,15.5,8,1
2014,4,10,16.1,8,1
2014,4,11,12.9,8,1
2014,4,12,14.6,8,1
2014,4,13,14.4,8,1
2014,4,14,14,8,1
2014,4,15,16.3,8,1
2014,4,16,18.7,8,1
2014,4,17,17.7,8,1
2014,4,18,11.8,8,1
2014,4,19,11.7,8,1
2014,4,20,11,8,1
2014,4,21,13.4,8,1
2014,4,22,15.2,8,1
2014,4,23,16.2,8,1
2014,4,24,16.6,8,1
2014,4,25,17.8,8,1
2014,4,26,18.2,8,1
2014,4,27,18.1,8,1
2014,4,28,18.6,8,1
2014,4,29,17.8,8,1
2014,4,30,16.7,8,1
2014,5,1,20.6,8,1
2014,5,2,21,8,1
2014,5,3,21.3,8,1
2014,5,4,18.6,8,1
2014,5,5,18.1,8,1
2014,5,6,14.3,8,1
2014,5,7,16.5,8,1
2014,5,8,18.7,8,1
2014,5,9,19.3,8,1
2014,5,10,19.8,8,1
2014,5,11,20.6,8,1
2014,5,12,19.6,8,1
2014,5,13,19.3,8,1
2014,5,14,21.9,8,1
2014,5,15,19.9,8,1
2014,5,16,21.5,8,1
2014,5,17,21.1,8,1
2014,5,18,20.5,8,1
2014,5,19,21.1,8,1
2014,5,20,21.7,8,1
2014,5,21,17.5,8,1
2014,5,22,18.6,8,1
2014,5,23,17.8,8,1
2014,5,24,20.6,8,1
2014,5,25,22.7,8,1
2014,5,26,21.3,8,1
2014,5,27,21.4,8,1
2014,5,28,22.7,8,1
2014,5,29,23.1,8,1
2014,5,30,24.1,8,1
2014,5,31,25.6,8,1
2014,6,1,26.6,8,1
2014,6,2,25.5,8,1
2014,6,3,24,8,1
2014,6,4,24.3,8,1
2014,6,5,21.2,8,1
2014,6,6,19.9,8,1
2014,6,7,18.4,8,1
2014,6,8,20.5,8,1
2014,6,9,22.9,8,1
2014,6,10,23.5,8,1
2014,6,11,22.2,8,1
2014,6,12,22,8,1
2014,6,13,24.9,8,1
2014,6,14,24.7,8,1
2014,6,15,24.4,8,1
2014,6,16,25,8,1
2014,6,17,24.3,8,1
2014,6,18,23.2,8,1
2014,6,19,24.8,8,1
2014,6,20,24.6,8,1
2014,6,21,24.6,8,1
2014,6,22,22.5,8,1
2014,6,23,24.2,8,1
2014,6,24,22.6,8,1
2014,6,25,22.6,8,1
2014,6,26,23.6,8,1
2014,6,27,23.9,8,1
2014,6,28,22.8,8,1
2014,6,29,23.3,8,1
2014,6,30,23.6,8,1
2014,7,1,25.3,8,1
2014,7,2,25.8,8,1
2014,7,3,24.8,8,1
2014,7,4,21.6,8,1
2014,7,5,22,8,1
2014,7,6,24.2,8,1
2014,7,7,23.4,8,1
2014,7,8,26.8,8,1
2014,7,9,24.2,8,1
2014,7,10,26.6,8,1
2014,7,11,28.5,8,1
2014,7,12,29.2,8,1
2014,7,13,26.9,8,1
2014,7,14,28.5,8,1
2014,7,15,28.2,8,1
2014,7,16,28,8,1
2014,7,17,27.1,8,1
2014,7,18,24.9,8,1
2014,7,19,23.8,8,1
2014,7,20,24.5,8,1
2014,7,21,25,8,1
2014,7,22,27.7,8,1
2014,7,23,29.4,8,1
2014,7,24,29.9,8,1
2014,7,25,30.5,8,1
2014,7,26,30.5,8,1
2014,7,27,30.1,8,1
2014,7,28,27.7,8,1
2014,7,29,27.6,8,1
2014,7,30,27.9,8,1
2014,7,31,29.5,8,1
2014,8,1,29.8,8,1
2014,8,2,30.9,8,1
2014,8,3,31,8,1
2014,8,4,30.5,8,1
2014,8,5,31.1,8,1
2014,8,6,30.8,8,1
2014,8,7,29.7,8,1
2014,8,8,29,8,1
2014,8,9,25.4,8,1
2014,8,10,26.3,8,1
2014,8,11,29.4,8,1
2014,8,12,26.3,8,1
2014,8,13,26.7,8,1
2014,8,14,27.1,8,1
2014,8,15,29.5,8,1
2014,8,16,27,8,1
2014,8,17,26.2,8,1
2014,8,18,29.1,8,1
2014,8,19,30.3,8,1
2014,8,20,31.1,8,1
2014,8,21,30.5,8,1
2014,8,22,30.2,8,1
2014,8,23,27.6,8,1
2014,8,24,28.4,8,1
2014,8,25,27,8,1
2014,8,26,25.2,8,1
2014,8,27,21.2,8,1
2014,8,28,21.1,8,1
2014,8,29,23.3,8,1
2014,8,30,22.6,8,1
2014,8,31,23.2,8,1
2014,9,1,21.8,8,1
2014,9,2,24.5,8,1
2014,9,3,24.1,8,1
2014,9,4,25.2,8,1
2014,9,5,27.8,8,1
2014,9,6,27.3,8,1
2014,9,7,21.7,8,1
2014,9,8,22.1,8,1
2014,9,9,23.5,8,1
2014,9,10,23.4,8,1
2014,9,11,21.8,8,1
2014,9,12,23.5,8,1
2014,9,13,23.1,8,1
2014,9,14,23.8,8,1
2014,9,15,24.1,8,1
2014,9,16,25.1,8,1
2014,9,17,23.3,8,1
2014,9,18,22.3,8,1
2014,9,19,22.3,8,1
2014,9,20,20.5,8,1
2014,9,21,21.3,8,1
2014,9,22,22.6,8,1
2014,9,23,22.1,8,1
2014,9,24,22.4,8,1
2014,9,25,24.4,8,1
2014,9,26,22.9,8,1
2014,9,27,20.2,8,1
2014,9,28,21.7,8,1
2014,9,29,23.5,8,1
2014,9,30,24.7,8,1
2014,10,1,21.2,8,1
2014,10,2,21.7,8,1
2014,10,3,25.7,8,1
2014,10,4,24.2,8,1
2014,10,5,17.2,8,1
2014,10,6,21.3,8,1
2014,10,7,20,8,1
2014,10,8,20.3,8,1
2014,10,9,21,8,1
2014,10,10,22.4,8,1
2014,10,11,20.3,8,1
2014,10,12,18.6,8,1
2014,10,13,18.1,8,1
2014,10,14,23.1,8,1
2014,10,15,15.9,8,1
2014,10,16,16.8,8,1
2014,10,17,18.4,8,1
2014,10,18,17.5,8,1
2014,10,19,18.3,8,1
2014,10,20,19.4,8,1
2014,10,21,19,8,1
2014,10,22,16.1,8,1
2014,10,23,14.3,8,1
2014,10,24,16.7,8,1
2014,10,25,18.3,8,1
2014,10,26,20.1,8,1
2014,10,27,19.3,8,1
2014,10,28,15.8,8,1
2014,10,29,16.4,8,1
2014,10,30,16.8,8,1
2014,10,31,18.4,8,1
2014,11,1,16.8,8,1
2014,11,2,19.5,8,1
2014,11,3,18,8,1
2014,11,4,16.2,8,1
2014,11,5,15.2,8,1
2014,11,6,17.7,8,1
2014,11,7,17.7,8,1
2014,11,8,14.1,8,1
2014,11,9,14.9,8,1
2014,11,10,17.8,8,1
2014,11,11,14.5,8,1
2014,11,12,14.1,8,1
2014,11,13,15,8,1
2014,11,14,12.8,8,1
2014,11,15,12.7,8,1
2014,11,16,12.5,8,1
2014,11,17,12.1,8,1
2014,11,18,12.9,8,1
2014,11,19,12.1,8,1
2014,11,20,9.1,8,1
2014,11,21,12.3,8,1
2014,11,22,13.8,8,1
2014,11,23,14.1,8,1
2014,11,24,13.2,8,1
2014,11,25,11.1,8,1
2014,11,26,9.2,8,1
2014,11,27,12.9,8,1
2014,11,28,14.1,8,1
2014,11,29,13.8,8,1
2014,11,30,15.1,8,1
2014,12,1,13.5,8,1
2014,12,2,10.8,8,2
2014,12,3,8.2,8,2
2014,12,4,8.8,8,2
2014,12,5,8.3,8,2
2014,12,6,5.1,8,2
2014,12,7,6.2,8,2
2014,12,8,6.6,8,2
2014,12,9,7.3,8,2
2014,12,10,7.3,8,2
2014,12,11,9.6,8,2
2014,12,12,9.3,8,2
2014,12,13,7,8,2
2014,12,14,4.8,8,2
2014,12,15,5.3,8,2
2014,12,16,3.6,8,2
2014,12,17,4.3,8,2
2014,12,18,4,8,2
2014,12,19,5.4,8,2
2014,12,20,5.3,8,2
2014,12,21,8.6,8,2
2014,12,22,7.1,8,2
2014,12,23,6.3,8,2
2014,12,24,5.9,8,2
2014,12,25,6.3,8,2
2014,12,26,5.1,8,2
2014,12,27,4.6,8,2
2014,12,28,3.8,8,2
2014,12,29,4.2,8,2
2014,12,30,6.6,8,2
2014,12,31,8,8,2
2015,1,1,3.7,8,2
2015,1,2,2.7,8,2
2015,1,3,3.8,8,2
2015,1,4,4,8,2
2015,1,5,6.9,8,2
2015,1,6,10.8,8,2
2015,1,7,5.6,8,2
2015,1,8,6.2,8,2
2015,1,9,6.7,8,2
2015,1,10,6.3,8,2
2015,1,11,6.4,8,2
2015,1,12,5.2,8,2
2015,1,13,6.6,8,2
2015,1,14,6.6,8,2
2015,1,15,5.4,8,2
2015,1,16,8.9,8,2
2015,1,17,5.9,8,2
2015,1,18,4.7,8,2
2015,1,19,5.7,8,2
2015,1,20,6.3,8,2
2015,1,21,2.5,8,2
2015,1,22,4.6,8,2
2015,1,23,6.9,8,2
2015,1,24,4.9,8,2
2015,1,25,7,8,2
2015,1,26,9,8,2
2015,1,27,9.8,8,2
2015,1,28,5.2,8,2
2015,1,29,3.9,8,2
2015,1,30,2.2,8,2
2015,1,31,4.9,8,2
2015,2,1,4,8,2
2015,2,2,4.7,8,2
2015,2,3,4.7,8,2
2015,2,4,5.2,8,2
2015,2,5,2.6,8,2
2015,2,6,5.4,8,2
2015,2,7,5.3,8,2
2015,2,8,4,8,2
2015,2,9,2,8,2
2015,2,10,3.2,8,2
2015,2,11,5.6,8,2
2015,2,12,7,8,2
2015,2,13,5,8,2
2015,2,14,4.9,8,2
2015,2,15,5.5,8,2
2015,2,16,7,8,2
2015,2,17,3.9,8,2
2015,2,18,3.3,8,2
2015,2,19,6.2,8,2
2015,2,20,6.3,8,2
2015,2,21,6.2,8,2
2015,2,22,6.3,8,2
2015,2,23,10.7,8,2
2015,2,24,9.7,8,2
2015,2,25,9.2,8,2
2015,2,26,6.6,8,2
2015,2,27,8.2,8,2
2015,2,28,7.4,8,2
2015,3,1,6.9,8,2
2015,3,2,9.3,8,2
2015,3,3,5.6,8,2
2015,3,4,9.6,8,2
2015,3,5,9.3,8,2
2015,3,6,7.3,8,2
2015,3,7,6,8,2
2015,3,8,8.2,8,2
2015,3,9,9,8,2
2015,3,10,7.7,8,2
2015,3,11,6.2,8,2
2015,3,12,8.6,8,2
2015,3,13,8.9,8,2
2015,3,14,8.9,8,2
2015,3,15,8.4,8,2
2015,3,16,11.1,8,2
2015,3,17,14.5,8,2
2015,3,18,14.8,8,2
2015,3,19,11.9,8,2
2015,3,20,11.8,8,2
2015,3,21,10.5,8,2
2015,3,22,12.9,8,2
2015,3,23,10.7,8,2
2015,3,24,8.2,8,2
2015,3,25,8.1,8,2
2015,3,26,9.5,8,2
2015,3,27,12.3,8,2
2015,3,28,14.1,8,2
2015,3,29,14.6,8,2
2015,3,30,16.2,8,2
2015,3,31,16.7,8,2
2015,4,1,13.9,8,2
2015,4,2,11.6,8,2
2015,4,3,17.3,8,2
2015,4,4,13.2,8,2
2015,4,5,10.3,8,2
2015,4,6,16.2,8,2
2015,4,7,10,8,2
2015,4,8,4.1,8,2
2015,4,9,7.4,8,2
2015,4,10,8.3,8,2
2015,4,11,11.5,8,2
2015,4,12,12.9,8,2
2015,4,13,9.7,8,2
2015,4,14,12.1,8,2
2015,4,15,15.4,8,2
2015,4,16,15.7,8,2
2015,4,17,16.4,8,2
2015,4,18,14,8,2
2015,4,19,14.3,8,2
2015,4,20,18.4,8,2
2015,4,21,17.5,8,2
2015,4,22,15.7,8,2
2015,4,23,18,8,2
2015,4,24,18.3,8,2
2015,4,25,17.2,8,2
2015,4,26,17.8,8,2
2015,4,27,19.3,8,2
2015,4,28,20.8,8,2
2015,4,29,19.4,8,2
2015,4,30,19,8,2
2015,5,1,20.5,8,2
2015,5,2,21,8,2
2015,5,3,21.2,8,2
2015,5,4,21.6,8,2
2015,5,5,18.3,8,2
2015,5,6,18.2,8,2
2015,5,7,19.1,8,2
2015,5,8,20.7,8,2
2015,5,9,18.7,8,2
2015,5,10,19.7,8,2
2015,5,11,17.2,8,2
2015,5,12,19.6,8,2
2015,5,13,22.5,8,2
2015,5,14,23.1,8,2
2015,5,15,22.7,8,2
2015,5,16,20.9,8,2
2015,5,17,22.2,8,2
2015,5,18,21.5,8,2
2015,5,19,20.2,8,2
2015,5,20,22.2,8,2
2015,5,21,19.5,8,2
2015,5,22,20.5,8,2
2015,5,23,21.6,8,2
2015,5,24,21,8,2
2015,5,25,21.3,8,2
2015,5,26,23.3,8,2
2015,5,27,23.9,8,2
2015,5,28,22.1,8,2
2015,5,29,20.7,8,2
2015,5,30,23.4,8,2
2015,5,31,25.7,8,2
2015,6,1,23.6,8,2
2015,6,2,23.5,8,2
2015,6,3,21.7,8,2
2015,6,4,23.1,8,2
2015,6,5,18.8,8,2
2015,6,6,18,8,2
2015,6,7,20.8,8,2
2015,6,8,21,8,2
2015,6,9,19.5,8,2
2015,6,10,22.6,8,2
2015,6,11,23,8,2
2015,6,12,21.4,8,2
2015,6,13,24,8,2
2015,6,14,22.5,8,2
2015,6,15,24.6,8,2
2015,6,16,23.3,8,2
2015,6,17,21.6,8,2
2015,6,18,21.9,8,2
2015,6,19,19.1,8,2
2015,6,20,21.7,8,2
2015,6,21,20.6,8,2
2015,6,22,22.6,8,2
2015,6,23,23.4,8,2
2015,6,24,23.8,8,2
2015,6,25,24.3,8,2
2015,6,26,22.4,8,2
2015,6,27,22.6,8,2
2015,6,28,23.2,8,2
2015,6,29,21.6,8,2
2015,6,30,22.5,8,2
2015,7,1,20.5,8,2
2015,7,2,22.5,8,2
2015,7,3,21.9,8,2
2015,7,4,22.5,8,2
2015,7,5,20.1,8,2
2015,7,6,19.8,8,2
2015,7,7,21.3,8,2
2015,7,8,22.4,8,2
2015,7,9,19.4,8,2
2015,7,10,23.2,8,2
2015,7,11,25.9,8,2
2015,7,12,27.2,8,2
2015,7,13,29.4,8,2
2015,7,14,29.9,8,2
2015,7,15,28.4,8,2
2015,7,16,26.4,8,2
2015,7,17,26.7,8,2
2015,7,18,27.2,8,2
2015,7,19,29.4,8,2
2015,7,20,28.8,8,2
2015,7,21,29.4,8,2
2015,7,22,28.9,8,2
2015,7,23,27,8,2
2015,7,24,28.1,8,2
2015,7,25,28.6,8,2
2015,7,26,30.3,8,2
2015,7,27,30.4,8,2
2015,7,28,29.6,8,2
2015,7,29,29.4,8,2
2015,7,30,29.1,8,2
2015,7,31,30,8,2
2015,8,1,30.5,8,2
2015,8,2,30.2,8,2
2015,8,3,29.8,8,2
2015,8,4,30,8,2
2015,8,5,30.2,8,2
2015,8,6,30.9,8,2
2015,8,7,31.5,8,2
2015,8,8,27.6,8,2
2015,8,9,27.9,8,2
2015,8,10,27.9,8,2
2015,8,11,29.4,8,2
2015,8,12,28.9,8,2
2015,8,13,27.5,8,2
2015,8,14,26.9,8,2
2015,8,15,27.7,8,2
2015,8,16,27.8,8,2
2015,8,17,25.7,8,2
2015,8,18,28.2,8,2
2015,8,19,27.8,8,2
2015,8,20,25.6,8,2
2015,8,21,26,8,2
2015,8,22,28.3,8,2
2015,8,23,26.7,8,2
2015,8,24,24.3,8,2
2015,8,25,21.5,8,2
2015,8,26,19.5,8,2
2015,8,27,23.6,8,2
2015,8,28,21.7,8,2
2015,8,29,20,8,2
2015,8,30,21.2,8,2
2015,8,31,22.1,8,2
2015,9,1,23.7,8,2
2015,9,2,26.9,8,2
2015,9,3,25.7,8,2
2015,9,4,24.7,8,2
2015,9,5,25.4,8,2
2015,9,6,23.8,8,2
2015,9,7,23,8,2
2015,9,8,20,8,2
2015,9,9,22.4,8,2
2015,9,10,21.8,8,2
2015,9,11,23.9,8,2
2015,9,12,24.7,8,2
2015,9,13,24.4,8,2
2015,9,14,22.9,8,2
2015,9,15,22.3,8,2
2015,9,16,21.1,8,2
2015,9,17,17.9,8,2
2015,9,18,20.6,8,2
2015,9,19,24.1,8,2
2015,9,20,23.3,8,2
2015,9,21,22.7,8,2
2015,9,22,23,8,2
2015,9,23,22.4,8,2
2015,9,24,20.4,8,2
2015,9,25,17.7,8,2
2015,9,26,20.5,8,2
2015,9,27,21.4,8,2
2015,9,28,23.3,8,2
2015,9,29,22.7,8,2
2015,9,30,20.9,8,2
2015,10,1,19.4,8,2
2015,10,2,23.2,8,2
2015,10,3,21.7,8,2
2015,10,4,21.3,8,2
2015,10,5,17.9,8,2
2015,10,6,17.7,8,2
2015,10,7,17.5,8,2
2015,10,8,19.4,8,2
2015,10,9,20.2,8,2
2015,10,10,18.3,8,2
2015,10,11,18.9,8,2
2015,10,12,18.7,8,2
2015,10,13,18.8,8,2
2015,10,14,18.4,8,2
2015,10,15,18.8,8,2
2015,10,16,15.6,8,2
2015,10,17,17.5,8,2
2015,10,18,18.8,8,2
2015,10,19,19,8,2
2015,10,20,19,8,2
2015,10,21,17.2,8,2
2015,10,22,17.4,8,2
2015,10,23,17.9,8,2
2015,10,24,19,8,2
2015,10,25,16.1,8,2
2015,10,26,15.5,8,2
2015,10,27,18.3,8,2
2015,10,28,20.8,8,2
2015,10,29,17.1,8,2
2015,10,30,17.1,8,2
2015,10,31,14.4,8,2
2015,11,1,13.1,8,2
2015,11,2,12.7,8,2
2015,11,3,16.2,8,2
2015,11,4,14.4,8,2
2015,11,5,15.1,8,2
2015,11,6,16.4,8,2
2015,11,7,16.5,8,2
2015,11,8,15.2,8,2
2015,11,9,18.2,8,2
2015,11,10,16.5,8,2
2015,11,11,14.9,8,2
2015,11,12,13.4,8,2
2015,11,13,13.1,8,2
2015,11,14,13,8,2
2015,11,15,16,8,2
2015,11,16,17.2,8,2
2015,11,17,18.5,8,2
2015,11,18,16.7,8,2
2015,11,19,14.5,8,2
2015,11,20,13.7,8,2
2015,11,21,15.5,8,2
2015,11,22,13.1,8,2
2015,11,23,12.2,8,2
2015,11,24,14.3,8,2
2015,11,25,8.7,8,2
2015,11,26,8.7,8,2
2015,11,27,9.9,8,2
2015,11,28,9.4,8,2
2015,11,29,10.4,8,2
2015,11,30,10,8,2
2015,12,1,10.8,8,2
2015,12,2,9.5,8,2
2015,12,3,10.5,8,2
2015,12,4,9.9,8,2
2015,12,5,9.8,8,2
2015,12,6,10.6,8,2
2015,12,7,9.2,8,2
2015,12,8,8,8,2
2015,12,9,7.5,8,2
2015,12,10,8.8,8,2
2015,12,11,14.7,8,2
2015,12,12,12.6,8,2
2015,12,13,10.2,8,2
2015,12,14,11.6,8,2
2015,12,15,11.5,8,2
2015,12,16,12.9,8,2
2015,12,17,10.1,8,2
2015,12,18,7.8,8,2
2015,12,19,7.1,8,2
2015,12,20,6.9,8,2
2015,12,21,8.8,8,2
2015,12,22,11,8,2
2015,12,23,6.8,8,2
2015,12,24,10.3,8,2
2015,12,25,10.9,8,2
2015,12,26,8.5,8,2
2015,12,27,7.3,8,2
2015,12,28,6,8,2
2015,12,29,6.3,8,2
2015,12,30,7.2,8,2
2015,12,31,6.6,8,2
2016,1,1,7.5,8,2
2016,1,2,7.3,8,2
2016,1,3,9.3,8,2
2016,1,4,9.2,8,2
2016,1,5,10.9,8,2
2016,1,6,8.9,8,2
2016,1,7,8.7,8,2
2016,1,8,6.8,8,2
2016,1,9,7.3,8,2
2016,1,10,7.9,8,2
2016,1,11,7.1,8,2
2016,1,12,3.4,8,2
2016,1,13,4.3,8,2
2016,1,14,6,8,2
2016,1,15,5.6,8,2
2016,1,16,6.5,8,2
2016,1,17,5.8,8,2
2016,1,18,2.8,8,2
2016,1,19,5.1,8,2
2016,1,20,4.1,8,2
2016,1,21,5.4,8,2
2016,1,22,5.8,8,2
2016,1,23,3.9,8,2
2016,1,24,3.3,8,2
2016,1,25,2.9,8,2
2016,1,26,3.8,8,2
2016,1,27,6.3,8,2
2016,1,28,7.8,8,2
2016,1,29,5.4,8,2
2016,1,30,3.3,8,2
2016,1,31,6.1,8,2
2016,2,1,4.7,8,2
2016,2,2,6,8,2
2016,2,3,5,8,2
2016,2,4,5.1,8,2
2016,2,5,7.5,8,2
2016,2,6,6.7,8,2
2016,2,7,5,8,2
2016,2,8,4.4,8,2
2016,2,9,6.6,8,2
2016,2,10,6,8,2
2016,2,11,6,8,2
2016,2,12,7.2,8,2
2016,2,13,14,8,2
2016,2,14,18.5,8,2
2016,2,15,8.1,8,2
2016,2,16,5.6,8,2
2016,2,17,6.2,8,2
2016,2,18,6.2,8,2
2016,2,19,9.7,8,2
2016,2,20,8,8,2
2016,2,21,9.5,8,2
2016,2,22,6.7,8,2
2016,2,23,6.7,8,2
2016,2,24,5.8,8,2
2016,2,25,3.8,8,2
2016,2,26,5.8,8,2
2016,2,27,7.8,8,2
2016,2,28,8.7,8,2
2016,2,29,8.3,8,2
2016,3,1,5.2,8,2
2016,3,2,6.3,8,2
2016,3,3,9.2,8,2
2016,3,4,10.4,8,2
2016,3,5,10.7,8,2
2016,3,6,13.2,8,2
2016,3,7,14.1,8,2
2016,3,8,15.8,8,2
2016,3,9,8.7,8,2
2016,3,10,6.1,8,2
2016,3,11,4.6,8,2
2016,3,12,5.8,8,2
2016,3,13,6.7,8,2
2016,3,14,5.7,8,2
2016,3,15,8.1,8,2
2016,3,16,8.7,8,2
2016,3,17,13.1,8,2
2016,3,18,14.8,8,2
2016,3,19,14.9,8,2
2016,3,20,13.4,8,2
2016,3,21,9.5,8,2
2016,3,22,11,8,2
2016,3,23,11.5,8,2
2016,3,24,6.3,8,2
2016,3,25,8.1,8,2
2016,3,26,8,8,2
2016,3,27,10.4,8,2
2016,3,28,11.3,8,2
2016,3,29,13,8,2
2016,3,30,14.9,8,2
2016,3,31,14.9,8,2
2016,4,1,12.8,8,2
2016,4,2,10.5,8,2
2016,4,3,13.1,8,2
2016,4,4,15.6,8,2
2016,4,5,10.8,8,2
2016,4,6,14.6,8,2
2016,4,7,13.8,8,2
2016,4,8,16.1,8,2
2016,4,9,17.1,8,2
2016,4,10,17.2,8,2
2016,4,11,11.6,8,2
2016,4,12,10.5,8,2
2016,4,13,14.4,8,2
2016,4,14,15,8,2
2016,4,15,16.3,8,2
2016,4,16,15.8,8,2
2016,4,17,19.2,8,2
2016,4,18,18.9,8,2
2016,4,19,16.2,8,2
2016,4,20,14.9,8,2
2016,4,21,16.5,8,2
2016,4,22,17.3,8,2
2016,4,23,17.9,8,2
2016,4,24,15.7,8,2
2016,4,25,18.1,8,2
2016,4,26,19.2,8,2
2016,4,27,18.1,8,2
2016,4,28,14.4,8,2
2016,4,29,15.8,8,2
2016,4,30,16,8,2
2016,5,1,18.2,8,2
2016,5,2,17.4,8,2
2016,5,3,20.4,8,2
2016,5,4,22.1,8,2
2016,5,5,22.1,8,2
2016,5,6,18.1,8,2
2016,5,7,21.2,8,2
2016,5,8,21.3,8,2
2016,5,9,18.5,8,2
2016,5,10,18.4,8,2
2016,5,11,21.4,8,2
2016,5,12,21.7,8,2
2016,5,13,21.2,8,2
2016,5,14,19.8,8,2
2016,5,15,17.6,8,2
2016,5,16,19,8,2
2016,5,17,18.3,8,2
2016,5,18,20,8,2
2016,5,19,19.3,8,2
2016,5,20,17.2,8,2
2016,5,21,19.1,8,2
2016,5,22,22.4,8,2
2016,5,23,23.5,8,2
2016,5,24,23.4,8,2
2016,5,25,22.2,8,2
2016,5,26,23,8,2
2016,5,27,19.4,8,2
2016,5,28,19.3,8,2
2016,5,29,21.7,8,2
2016,5,30,17.4,8,2
2016,5,31,20.4,8,2
2016,6,1,21.5,8,2
2016,6,2,20.7,8,2
2016,6,3,19.4,8,2
2016,6,4,21.7,8,2
2016,6,5,19.3,8,2
2016,6,6,20,8,2
2016,6,7,19.6,8,2
2016,6,8,21.9,8,2
2016,6,9,21.2,8,2
2016,6,10,23.5,8,2
2016,6,11,23.5,8,2
2016,6,12,23.9,8,2
2016,6,13,19.8,8,2
2016,6,14,22.2,8,2
2016,6,15,20.8,8,2
2016,6,16,22.1,8,2
2016,6,17,24.2,8,2
2016,6,18,26.7,8,2
2016,6,19,24.3,8,2
2016,6,20,24.3,8,2
2016,6,21,22.7,8,2
2016,6,22,22.7,8,2
2016,6,23,23,8,2
2016,6,24,22.7,8,2
2016,6,25,25.4,8,2
2016,6,26,25.5,8,2
2016,6,27,24.4,8,2
2016,6,28,19.1,8,2
2016,6,29,21.5,8,2
2016,6,30,23,8,2
2016,7,1,25.6,8,2
2016,7,2,27,8,2
2016,7,3,29.2,8,2
2016,7,4,27.8,8,2
2016,7,5,21.7,8,2
2016,7,6,23.1,8,2
2016,7,7,27.4,8,2
2016,7,8,25.3,8,2
2016,7,9,22.4,8,2
2016,7,10,25.6,8,2
2016,7,11,28,8,2
2016,7,12,27.1,8,2
2016,7,13,25.1,8,2
2016,7,14,25.9,8,2
2016,7,15,22.2,8,2
2016,7,16,24.1,8,2
2016,7,17,25.9,8,2
2016,7,18,28.7,8,2
2016,7,19,27.3,8,2
2016,7,20,26.3,8,2
2016,7,21,21.8,8,2
2016,7,22,21.4,8,2
2016,7,23,22.4,8,2
2016,7,24,23.9,8,2
2016,7,25,24.7,8,2
2016,7,26,23.8,8,2
2016,7,27,24.5,8,2
2016,7,28,26.5,8,2
2016,7,29,27.2,8,2
2016,7,30,27.2,8,2
2016,7,31,27.5,8,2
2016,8,1,27.4,8,2
2016,8,2,25.9,8,2
2016,8,3,26.8,8,2
2016,8,4,28.1,8,2
2016,8,5,28.7,8,2
2016,8,6,29.1,8,2
2016,8,7,28.6,8,2
2016,8,8,28.5,8,2
2016,8,9,31.9,8,2
2016,8,10,29.1,8,2
2016,8,11,27.3,8,2
2016,8,12,26.7,8,2
2016,8,13,26.5,8,2
2016,8,14,26,8,2
2016,8,15,26.6,8,2
2016,8,16,26.9,8,2
2016,8,17,28.7,8,2
2016,8,18,26.9,8,2
2016,8,19,27.6,8,2
2016,8,20,25.7,8,2
2016,8,21,27.9,8,2
2016,8,22,25.7,8,2
2016,8,23,26.8,8,2
2016,8,24,26.5,8,2
2016,8,25,28,8,2
2016,8,26,28.3,8,2
2016,8,27,24.3,8,2
2016,8,28,22.6,8,2
2016,8,29,25.6,8,2
2016,8,30,25.1,8,2
2016,8,31,26.8,8,2
2016,9,1,27,8,2
2016,9,2,26.7,8,2
2016,9,3,27.2,8,2
2016,9,4,26.7,8,2
2016,9,5,28.4,8,2
2016,9,6,28.8,8,2
2016,9,7,27.1,8,2
2016,9,8,26.4,8,2
2016,9,9,27,8,2
2016,9,10,26.6,8,2
2016,9,11,23.2,8,2
2016,9,12,24.7,8,2
2016,9,13,22.6,8,2
2016,9,14,23.1,8,2
2016,9,15,24.1,8,2
2016,9,16,22.9,8,2
2016,9,17,25.3,8,2
2016,9,18,24.6,8,2
2016,9,19,21.3,8,2
2016,9,20,19.1,8,2
2016,9,21,20.1,8,2
2016,9,22,19.4,8,2
2016,9,23,20.8,8,2
2016,9,24,21.8,8,2
2016,9,25,23.6,8,2
2016,9,26,25.4,8,2
2016,9,27,25.6,8,2
2016,9,28,26.5,8,2
2016,9,29,24.6,8,2
2016,9,30,21.4,8,2
2016,10,1,19.7,8,2
2016,10,2,23.1,8,2
2016,10,3,22.7,8,2
2016,10,4,24.9,8,2
2016,10,5,24,8,2
2016,10,6,26,8,2
2016,10,7,21.4,8,2
2016,10,8,21.2,8,2
2016,10,9,22.3,8,2
2016,10,10,18.4,8,2
2016,10,11,17.6,8,2
2016,10,12,17.9,8,2
2016,10,13,16.5,8,2
2016,10,14,15.6,8,2
2016,10,15,16.7,8,2
2016,10,16,17.4,8,2
2016,10,17,17.5,8,2
2016,10,18,20.9,8,2
2016,10,19,20.8,8,2
2016,10,20,21.9,8,2
2016,10,21,18.2,8,2
2016,10,22,16.7,8,2
2016,10,23,18.1,8,2
2016,10,24,14.9,8,2
2016,10,25,14,8,2
2016,10,26,19.1,8,2
2016,10,27,19,8,2
2016,10,28,12.2,8,2
2016,10,29,15.5,8,2
2016,10,30,11.9,8,2
2016,10,31,14.3,8,2
2016,11,1,13.4,8,2
2016,11,2,10.9,8,2
2016,11,3,12.9,8,2
2016,11,4,14,8,2
2016,11,5,14.6,8,2
2016,11,6,14.8,8,2
2016,11,7,11,8,2
2016,11,8,9.9,8,2
2016,11,9,10.4,8,2
2016,11,10,9.6,8,2
2016,11,11,9,8,2
2016,11,12,13.6,8,2
2016,11,13,13.6,8,2
2016,11,14,13.7,8,2
2016,11,15,15.3,8,2
2016,11,16,12.5,8,2
2016,11,17,12.6,8,2
2016,11,18,11.3,8,2
2016,11,19,9.8,8,2
2016,11,20,13.6,8,2
2016,11,21,12.6,8,2
2016,11,22,14,8,2
2016,11,23,11.4,8,2
2016,11,24,2.8,8,2
2016,11,25,5.6,8,2
2016,11,26,8.3,8,2
2016,11,27,10.6,8,2
2016,11,28,11.1,8,2
2016,11,29,10.5,8,2
2016,11,30,8.8,8,2
2016,12,1,10,8,2
2016,12,2,11.5,8,2
2016,12,3,10.8,8,2
2016,12,4,11.6,8,2
2016,12,5,12.7,8,2
2016,12,6,10.8,8,2
2016,12,7,7.5,8,2
2016,12,8,8.6,8,2
2016,12,9,11.1,8,2
2016,12,10,8.5,8,2
2016,12,11,6.8,8,2
2016,12,12,7,8,2
2016,12,13,9.4,8,2
2016,12,14,8.1,8,2
2016,12,15,6.2,8,2
2016,12,16,4.8,8,2
2016,12,17,6.7,8,2
2016,12,18,8.2,8,2
2016,12,19,10,8,2
2016,12,20,9.6,8,2
2016,12,21,10.5,8,2
2016,12,22,14.6,8,2
2016,12,23,14,8,2
2016,12,24,8.6,8,2
2016,12,25,6.6,8,2
2016,12,26,6.9,8,2
2016,12,27,11.1,8,2
2016,12,28,6,8,2
2016,12,29,4.3,8,2
2016,12,30,6,8,2
2016,12,31,6.3,8,2
2017,1,1,7.4,8,2
2017,1,2,7.2,8,2
2017,1,3,8,8,2
2017,1,4,8.5,8,2
2017,1,5,6.7,8,2
2017,1,6,4.5,8,2
2017,1,7,4.1,8,2
2017,1,8,3.9,8,2
2017,1,9,7.2,8,2
2017,1,10,8.1,8,2
2017,1,11,6.9,8,2
2017,1,12,6,8,2
2017,1,13,6.2,8,2
2017,1,14,2.4,8,2
2017,1,15,0.7,8,2
2017,1,16,3.2,8,2
2017,1,17,5.4,8,2
2017,1,18,5.8,8,2
2017,1,19,6.4,8,2
2017,1,20,3,8,2
2017,1,21,5.9,8,2
2017,1,22,6,8,2
2017,1,23,4,8,2
2017,1,24,2.5,8,2
2017,1,25,3.9,8,2
2017,1,26,4.6,8,2
2017,1,27,8.8,8,2
2017,1,28,8.4,8,2
2017,1,29,8,8,2
2017,1,30,11.2,8,2
2017,1,31,5.9,8,2
2017,2,1,6,8,2
2017,2,2,4.5,8,2
2017,2,3,7.4,8,2
2017,2,4,8.2,8,2
2017,2,5,7.2,8,2
2017,2,6,8.7,8,2
2017,2,7,5.6,8,2
2017,2,8,6.3,8,2
2017,2,9,2.4,8,2
2017,2,10,4.3,8,2
2017,2,11,4.1,8,2
2017,2,12,5,8,2
2017,2,13,6.3,8,2
2017,2,14,6.1,8,2
2017,2,15,6.5,8,2
2017,2,16,7.3,8,2
2017,2,17,13.2,8,2
2017,2,18,8.1,8,2
2017,2,19,6.2,8,2
2017,2,20,9.9,8,2
2017,2,21,6.1,8,2
2017,2,22,7,8,2
2017,2,23,12.4,8,2
2017,2,24,7.4,8,2
2017,2,25,7.5,8,2
2017,2,26,8.6,8,2
2017,2,27,6.2,8,2
2017,2,28,5.5,8,2
2017,3,1,6.4,8,2
2017,3,2,6.8,8,2
2017,3,3,8.7,8,2
2017,3,4,8.7,8,2
2017,3,5,10.4,8,2
2017,3,6,9.3,8,2
2017,3,7,6.6,8,2
2017,3,8,5.5,8,2
2017,3,9,7.5,8,2
2017,3,10,8.6,8,2
2017,3,11,7.9,8,2
2017,3,12,7.6,8,2
2017,3,13,8.8,8,2
2017,3,14,8.1,8,2
2017,3,15,5.4,8,2
2017,3,16,8.2,8,2
2017,3,17,9.5,8,2
2017,3,18,10.3,8,2
2017,3,19,12.2,8,2
2017,3,20,12.6,8,2
2017,3,21,9.1,8,2
2017,3,22,9.8,8,2
2017,3,23,9.7,8,2
2017,3,24,8.5,8,2
2017,3,25,7.8,8,2
2017,3,26,5.9,8,2
2017,3,27,5,8,2
2017,3,28,8.6,8,2
2017,3,29,9.1,8,2
2017,3,30,11.9,8,2
2017,3,31,8.8,8,2
2017,4,1,6.3,8,2
2017,4,2,8.7,8,2
2017,4,3,9.9,8,2
2017,4,4,11.2,8,2
2017,4,5,14.7,8,2
2017,4,6,16.7,8,2
2017,4,7,17.5,8,2
2017,4,8,15.3,8,2
2017,4,9,13.8,8,2
2017,4,10,10.4,8,2
2017,4,11,8.5,8,2
2017,4,12,14.3,8,2
2017,4,13,12.3,8,2
2017,4,14,15,8,2
2017,4,15,18.6,8,2
2017,4,16,18.9,8,2
2017,4,17,18.3,8,2
2017,4,18,20,8,2
2017,4,19,18,8,2
2017,4,20,15.7,8,2
2017,4,21,15.6,8,2
2017,4,22,14.3,8,2
2017,4,23,13.6,8,2
2017,4,24,14.5,8,2
2017,4,25,16,8,2
2017,4,26,16.9,8,2
2017,4,27,14.7,8,2
2017,4,28,15.9,8,2
2017,4,29,16.2,8,2
2017,4,30,17.8,8,2
2017,5,1,17.7,8,2
2017,5,2,16.6,8,2
2017,5,3,17.1,8,2
2017,5,4,18.1,8,2
2017,5,5,19.6,8,2
2017,5,6,21.7,8,2
2017,5,7,19.9,8,2
2017,5,8,20.8,8,2
2017,5,9,19.1,8,2
2017,5,10,16.3,8,2
2017,5,11,21,8,2
2017,5,12,21.6,8,2
2017,5,13,17.8,8,2
2017,5,14,17.8,8,2
2017,5,15,17.7,8,2
2017,5,16,18.9,8,2
2017,5,17,17.2,8,2
2017,5,18,17.6,8,2
2017,5,19,20,8,2
2017,5,20,22.1,8,2
2017,5,21,23.8,8,2
2017,5,22,23.2,8,2
2017,5,23,22.5,8,2
2017,5,24,22.2,8,2
2017,5,25,20.9,8,2
2017,5,26,18.8,8,2
2017,5,27,20.9,8,2
2017,5,28,20.9,8,2
2017,5,29,21.5,8,2
2017,5,30,23.3,8,2
2017,5,31,23.6,8,2
2017,6,1,21.5,8,2
2017,6,2,23,8,2
2017,6,3,21.4,8,2
2017,6,4,21,8,2
2017,6,5,19.6,8,2
2017,6,6,19.6,8,2
2017,6,7,20.3,8,2
2017,6,8,22,8,2
2017,6,9,23.1,8,2
2017,6,10,24.6,8,2
2017,6,11,21.7,8,2
2017,6,12,20.5,8,2
2017,6,13,16.9,8,2
2017,6,14,19.3,8,2
2017,6,15,21.3,8,2
2017,6,16,22.4,8,2
2017,6,17,22.3,8,2
2017,6,18,19.5,8,2
2017,6,19,22.6,8,2
2017,6,20,22.7,8,2
2017,6,21,22.4,8,2
2017,6,22,24,8,2
2017,6,23,24.6,8,2
2017,6,24,24.6,8,2
2017,6,25,22.3,8,2
2017,6,26,23.1,8,2
2017,6,27,23.2,8,2
2017,6,28,22.4,8,2
2017,6,29,24.6,8,2
2017,6,30,23.8,8,2
2017,7,1,23.4,8,2
2017,7,2,25.7,8,2
2017,7,3,28.3,8,2
2017,7,4,26.8,8,2
2017,7,5,26.3,8,2
2017,7,6,26.2,8,2
2017,7,7,27,8,2
2017,7,8,27.9,8,2
2017,7,9,27.3,8,2
2017,7,10,27.4,8,2
2017,7,11,27.7,8,2
2017,7,12,28.9,8,2
2017,7,13,28.5,8,2
2017,7,14,28.2,8,2
2017,7,15,28.1,8,2
2017,7,16,28.9,8,2
2017,7,17,29.7,8,2
2017,7,18,26.3,8,2
2017,7,19,26.5,8,2
2017,7,20,28.2,8,2
2017,7,21,29.1,8,2
2017,7,22,28.7,8,2
2017,7,23,27.3,8,2
2017,7,24,29.1,8,2
2017,7,25,29.4,8,2
2017,7,26,24.6,8,2
2017,7,27,24.2,8,2
2017,7,28,26.8,8,2
2017,7,29,26.8,8,2
2017,7,30,25.6,8,2
2017,7,31,28,8,2
2017,8,1,26.3,8,2
2017,8,2,22.9,8,2
2017,8,3,24.3,8,2
2017,8,4,25.6,8,2
2017,8,5,27.8,8,2
2017,8,6,29,8,2
2017,8,7,28.7,8,2
2017,8,8,29.3,8,2
2017,8,9,30,8,2
2017,8,10,25.7,8,2
2017,8,11,22.9,8,2
2017,8,12,24.1,8,2
2017,8,13,26.9,8,2
2017,8,14,24.4,8,2
2017,8,15,23.7,8,2
2017,8,16,21.9,8,2
2017,8,17,24.2,8,2
2017,8,18,26.5,8,2
2017,8,19,26,8,2
2017,8,20,25.3,8,2
2017,8,21,27,8,2
2017,8,22,27.8,8,2
2017,8,23,29.4,8,2
2017,8,24,29.9,8,2
2017,8,25,30.4,8,2
2017,8,26,28.9,8,2
2017,8,27,26.6,8,2
2017,8,28,26.4,8,2
2017,8,29,28.7,8,2
2017,8,30,27.7,8,2
2017,8,31,21.6,8,2
2017,9,1,21.8,8,2
2017,9,2,20,8,2
2017,9,3,22.2,8,2
2017,9,4,20.6,8,2
2017,9,5,23,8,2
2017,9,6,21.6,8,2
2017,9,7,22.1,8,2
2017,9,8,23.8,8,2
2017,9,9,24.5,8,2
2017,9,10,25.3,8,2
2017,9,11,25.8,8,2
2017,9,12,24.8,8,2
2017,9,13,26.2,8,2
2017,9,14,25.7,8,2
2017,9,15,23.9,8,2
2017,9,16,20.5,8,2
2017,9,17,19,8,2
2017,9,18,27,8,2
2017,9,19,24.6,8,2
2017,9,20,23.3,8,2
2017,9,21,24.2,8,2
2017,9,22,21.9,8,2
2017,9,23,20.1,8,2
2017,9,24,21.9,8,2
2017,9,25,23.7,8,2
2017,9,26,23.8,8,2
2017,9,27,23.7,8,2
2017,9,28,19.2,8,2
2017,9,29,19.9,8,2
2017,9,30,20.1,8,2
2017,10,1,20.9,8,2
2017,10,2,22.3,8,2
2017,10,3,22.1,8,2
2017,10,4,18.3,8,2
2017,10,5,16.9,8,2
2017,10,6,15.7,8,2
2017,10,7,18,8,2
2017,10,8,20.9,8,2
2017,10,9,21,8,2
2017,10,10,22.8,8,2
2017,10,11,21.2,8,2
2017,10,12,23.1,8,2
2017,10,13,15.9,8,2
2017,10,14,14.6,8,2
2017,10,15,15,8,2
2017,10,16,12.7,8,2
2017,10,17,13.3,8,2
2017,10,18,14.5,8,2
2017,10,19,11,8,2
2017,10,20,14.3,8,2
2017,10,21,16.4,8,2
2017,10,22,17.4,8,2
2017,10,23,19,8,2
2017,10,24,15.1,8,2
2017,10,25,12.8,8,2
2017,10,26,14.4,8,2
2017,10,27,15.1,8,2
2017,10,28,14.4,8,2
2017,10,29,14.5,8,2
2017,10,30,15.3,8,2
2017,10,31,12.7,8,2
2017,11,1,13.1,8,2
2017,11,2,15.3,8,2
2017,11,3,16.2,8,2
2017,11,4,16.1,8,2
2017,11,5,13.3,8,2
2017,11,6,13.6,8,2
2017,11,7,15.5,8,2
2017,11,8,14.6,8,2
2017,11,9,14.4,8,2
2017,11,10,12.9,8,2
2017,11,11,16.4,8,2
2017,11,12,12,8,2
2017,11,13,11.8,8,2
2017,11,14,11.9,8,2
2017,11,15,12.8,8,2
2017,11,16,11.6,8,2
2017,11,17,9.9,8,2
2017,11,18,10.7,8,2
2017,11,19,8.6,8,2
2017,11,20,6.4,8,2
2017,11,21,7.9,8,2
2017,11,22,7.1,8,2
2017,11,23,9.4,8,2
2017,11,24,9.4,8,2
2017,11,25,9.1,8,2
2017,11,26,11.6,8,2
2017,11,27,11.4,8,2
2017,11,28,11.6,8,2
2017,11,29,12.7,8,2
2017,11,30,11,8,2
2017,12,1,8.5,8,2
2017,12,2,7.6,8,2
2017,12,3,8.2,8,2
2017,12,4,8.8,8,2
2017,12,5,9.2,8,2
2017,12,6,6.9,8,2
2017,12,7,6.4,8,2
2017,12,8,5.7,8,2
2017,12,9,5.9,8,2
2017,12,10,6.9,8,2
2017,12,11,9.9,8,2
2017,12,12,6.8,8,2
2017,12,13,5.9,8,2
2017,12,14,5.7,8,2
2017,12,15,5.4,8,2
2017,12,16,7.7,8,2
2017,12,17,6.1,8,2
2017,12,18,4.4,8,2
2017,12,19,6.5,8,2
2017,12,20,5.7,8,2
2017,12,21,5.3,8,2
2017,12,22,5.4,8,2
2017,12,23,7.1,8,2
2017,12,24,7.4,8,2
2017,12,25,9.4,8,2
2017,12,26,7.5,8,2
2017,12,27,4.5,8,2
2017,12,28,4.8,8,2
2017,12,29,6.1,8,2
2017,12,30,6.2,8,2
2017,12,31,3.8,8,2
2018,1,1,6.2,8,2
2018,1,2,6.1,8,2
2018,1,3,4.9,8,2
2018,1,4,4.7,8,2
2018,1,5,3.7,8,2
2018,1,6,4.6,8,2
2018,1,7,6.3,8,2
2018,1,8,5.5,8,2
2018,1,9,8.5,8,2
2018,1,10,7.5,8,2
2018,1,11,5.3,8,2
2018,1,12,2.7,8,2
2018,1,13,2.7,8,2
2018,1,14,4.1,8,2
2018,1,15,4.2,8,2
2018,1,16,7.1,8,2
2018,1,17,6.9,8,2
2018,1,18,8.3,8,2
2018,1,19,8.4,8,2
2018,1,20,6.3,8,2
2018,1,21,7,8,2
2018,1,22,1.7,8,2
2018,1,23,3.7,8,2
2018,1,24,2.2,8,2
2018,1,25,0,8,2
2018,1,26,0.5,8,2
2018,1,27,2.6,8,2
2018,1,28,1.7,8,2
2018,1,29,3.7,8,2
2018,1,30,3.3,8,2
2018,1,31,3.9,8,2
2018,2,1,3,8,2
2018,2,2,1.9,8,2
2018,2,3,4.5,8,2
2018,2,4,5.4,8,2
2018,2,5,4.3,8,2
2018,2,6,3.3,8,2
2018,2,7,3.4,8,2
2018,2,8,3.6,8,2
2018,2,9,4.2,8,2
2018,2,10,7,8,2
2018,2,11,8.5,8,2
2018,2,12,4.4,8,2
2018,2,13,3.9,8,2
2018,2,14,6,8,2
2018,2,15,9.6,8,2
2018,2,16,6.3,8,2
2018,2,17,5.8,8,2
2018,2,18,3.5,8,2
2018,2,19,5.7,8,2
2018,2,20,7.5,8,2
2018,2,21,5.9,8,2
2018,2,22,2.7,8,2
2018,2,23,3.7,8,2
2018,2,24,7.4,8,2
2018,2,25,5.6,8,2
2018,2,26,6,8,2
2018,2,27,7.7,8,2
2018,2,28,9.1,8,2
2018,3,1,12.4,8,2
2018,3,2,9.4,8,2
2018,3,3,9.7,8,2
2018,3,4,13.9,8,2
2018,3,5,15.6,8,2
2018,3,6,8.3,8,2
2018,3,7,5.2,8,2
2018,3,8,5.9,8,2
2018,3,9,11.6,8,2
2018,3,10,7.3,8,2
2018,3,11,9.2,8,2
2018,3,12,9.9,8,2
2018,3,13,11.6,8,2
2018,3,14,14.3,8,2
2018,3,15,15.9,8,2
2018,3,16,13.2,8,2
2018,3,17,7.4,8,2
2018,3,18,11.3,8,2
2018,3,19,13,8,2
2018,3,20,8.4,8,2
2018,3,21,3.8,8,2
2018,3,22,9.5,8,2
2018,3,23,11.9,8,2
2018,3,24,11.3,8,2
2018,3,25,13,8,2
2018,3,26,14.1,8,2
2018,3,27,15.7,8,2
2018,3,28,17.2,8,2
2018,3,29,18.1,8,2
2018,3,30,13.8,8,2
2018,3,31,13.4,8,2
2018,4,1,16,8,2
2018,4,2,17.9,8,2
2018,4,3,17.9,8,2
2018,4,4,20.1,8,2
2018,4,5,13.3,8,2
2018,4,6,18.1,8,2
2018,4,7,16.2,8,2
2018,4,8,11.9,8,2
2018,4,9,13.7,8,2
2018,4,10,13.6,8,2
2018,4,11,17.6,8,2
2018,4,12,19.1,8,2
2018,4,13,15.5,8,2
2018,4,14,15.2,8,2
2018,4,15,17.9,8,2
2018,4,16,14.7,8,2
2018,4,17,12.7,8,2
2018,4,18,12.7,8,2
2018,4,19,16.2,8,2
2018,4,20,18.7,8,2
2018,4,21,18.9,8,2
2018,4,22,20.5,8,2
2018,4,23,16.5,8,2
2018,4,24,18,8,2
2018,4,25,19,8,2
2018,4,26,18.9,8,2
2018,4,27,18.5,8,2
2018,4,28,20.1,8,2
2018,4,29,20.1,8,2
2018,4,30,20.8,8,2
2018,5,1,22.3,8,2
2018,5,2,20.4,8,2
2018,5,3,21.9,8,2
2018,5,4,18,8,2
2018,5,5,18.3,8,2
2018,5,6,21,8,2
2018,5,7,17.9,8,2
2018,5,8,12.9,8,2
2018,5,9,12.1,8,2
2018,5,10,12.1,8,2
2018,5,11,16.4,8,2
2018,5,12,18.8,8,2
2018,5,13,17.9,8,2
2018,5,14,21.1,8,2
2018,5,15,22.3,8,2
2018,5,16,23.5,8,2
2018,5,17,24,8,2
2018,5,18,23.4,8,2
2018,5,19,21.5,8,2
2018,5,20,16.8,8,2
2018,5,21,20.3,8,2
2018,5,22,21,8,2
2018,5,23,18.6,8,2
2018,5,24,20.7,8,2
2018,5,25,22.8,8,2
2018,5,26,21.4,8,2
2018,5,27,21.3,8,2
2018,5,28,21.6,8,2
2018,5,29,23,8,2
2018,5,30,21.1,8,2
2018,5,31,19.5,8,2
2018,6,1,21.7,8,2
2018,6,2,21.9,8,2
2018,6,3,22.5,8,2
2018,6,4,23.5,8,2
2018,6,5,23.2,8,2
2018,6,6,20.3,8,2
2018,6,7,22.2,8,2
2018,6,8,23.7,8,2
2018,6,9,25.7,8,2
2018,6,10,20,8,2
2018,6,11,18.9,8,2
2018,6,12,20.5,8,2
2018,6,13,21.5,8,2
2018,6,14,20.6,8,2
2018,6,15,17.6,8,2
2018,6,16,15.9,8,2
2018,6,17,18.7,8,2
2018,6,18,19.4,8,2
2018,6,19,22.7,8,2
2018,6,20,20.8,8,2
2018,6,21,21.2,8,2
2018,6,22,23.1,8,2
2018,6,23,20.6,8,2
2018,6,24,21.3,8,2
2018,6,25,26.2,8,2
2018,6,26,25.7,8,2
2018,6,27,27.7,8,2
2018,6,28,27.4,8,2
2018,6,29,28.2,8,2
2018,6,30,28.6,8,2
2018,7,1,28.1,8,2
2018,7,2,28.8,8,2
2018,7,3,28.4,8,2
2018,7,4,27.6,8,2
2018,7,5,26.7,8,2
2018,7,6,21.7,8,2
2018,7,7,25,8,2
2018,7,8,27.4,8,2
2018,7,9,27.3,8,2
2018,7,10,28.5,8,2
2018,7,11,29,8,2
2018,7,12,26.6,8,2
2018,7,13,29.1,8,2
2018,7,14,30.1,8,2
2018,7,15,29.7,8,2
2018,7,16,29.9,8,2
2018,7,17,29.9,8,2
2018,7,18,30.5,8,2
2018,7,19,29.9,8,2
2018,7,20,29.9,8,2
2018,7,21,30.5,8,2
2018,7,22,31,8,2
2018,7,23,32.2,8,2
2018,7,24,29.8,8,2
2018,7,25,28.1,8,2
2018,7,26,26.5,8,2
2018,7,27,25.4,8,2
2018,7,28,24,8,2
2018,7,29,27.9,8,2
2018,7,30,28,8,2
2018,7,31,28.4,8,2
2018,8,1,30.3,8,2
2018,8,2,31.2,8,2
2018,8,3,30.5,8,2
2018,8,4,29.8,8,2
2018,8,5,30.4,8,2
2018,8,6,28.7,8,2
2018,8,7,22.2,8,2
2018,8,8,23.6,8,2
2018,8,9,27.4,8,2
2018,8,10,29.8,8,2
2018,8,11,28.7,8,2
2018,8,12,27.7,8,2
2018,8,13,27.5,8,2
2018,8,14,28.8,8,2
2018,8,15,29.7,8,2
2018,8,16,29.1,8,2
2018,8,17,26.3,8,2
2018,8,18,22.7,8,2
2018,8,19,23.6,8,2
2018,8,20,24.7,8,2
2018,8,21,28.2,8,2
2018,8,22,29.7,8,2
2018,8,23,29.4,8,2
2018,8,24,28.2,8,2
2018,8,25,31.1,8,2
2018,8,26,31,8,2
2018,8,27,29.4,8,2
2018,8,28,26.6,8,2
2018,8,29,26.1,8,2
2018,8,30,28.8,8,2
2018,8,31,28.7,8,2
2018,9,1,25.9,8,2
2018,9,2,22.1,8,2
2018,9,3,23.6,8,2
2018,9,4,26.5,8,2
2018,9,5,27.6,8,2
2018,9,6,27.6,8,2
2018,9,7,27.5,8,2
2018,9,8,28.8,8,2
2018,9,9,28.3,8,2
2018,9,10,25.5,8,2
2018,9,11,21.4,8,2
2018,9,12,21,8,2
2018,9,13,22.4,8,2
2018,9,14,21.9,8,2
2018,9,15,20.5,8,2
2018,9,16,23.1,8,2
2018,9,17,24.7,8,2
2018,9,18,23.3,8,2
2018,9,19,22.2,8,2
2018,9,20,19.9,8,2
2018,9,21,17.7,8,2
2018,9,22,21.5,8,2
2018,9,23,24.5,8,2
2018,9,24,24.4,8,2
2018,9,25,21.3,8,2
2018,9,26,17.7,8,2
2018,9,27,15.9,8,2
2018,9,28,19.7,8,2
2018,9,29,18.8,8,2
2018,9,30,20.4,8,2
2018,10,1,26.1,8,2
2018,10,2,22,8,2
2018,10,3,21,8,2
2018,10,4,20.1,8,2
2018,10,5,18.7,8,2
2018,10,6,23.7,8,2
2018,10,7,27.5,8,2
2018,10,8,21.9,8,2
2018,10,9,21.9,8,2
2018,10,10,22.4,8,2
2018,10,11,21.7,8,2
2018,10,12,20,8,2
2018,10,13,17.4,8,2
2018,10,14,16.4,8,2
2018,10,15,18.1,8,2
2018,10,16,18.4,8,2
2018,10,17,18.2,8,2
2018,10,18,17.2,8,2
2018,10,19,16.6,8,2
2018,10,20,16.6,8,2
2018,10,21,16.6,8,2
2018,10,22,16.6,8,2
2018,10,23,14.6,8,2
2018,10,24,17.7,8,2
2018,10,25,18.1,8,2
2018,10,26,18,8,2
2018,10,27,19.1,8,2
2018,10,28,16.9,8,2
2018,10,29,17,8,2
2018,10,30,17,8,2
2018,10,31,15,8,2
2018,11,1,14.7,8,2
2018,11,2,14.5,8,2
2018,11,3,14.9,8,2
2018,11,4,14.8,8,2
2018,11,5,18,8,2
2018,11,6,17.6,8,2
2018,11,7,16.6,8,2
2018,11,8,16.9,8,2
2018,11,9,15.6,8,2
2018,11,10,18.1,8,2
2018,11,11,16.3,8,2
2018,11,12,15.7,8,2
2018,11,13,14.9,8,2
2018,11,14,13.6,8,2
2018,11,15,12.5,8,2
2018,11,16,13,8,2
2018,11,17,14.9,8,2
2018,11,18,13.8,8,2
2018,11,19,13.4,8,2
2018,11,20,11.3,8,2
2018,11,21,11.6,8,2
2018,11,22,10.7,8,2
2018,11,23,10.8,8,2
2018,11,24,9.4,8,2
2018,11,25,10.1,8,2
2018,11,26,12.4,8,2
2018,11,27,13.8,8,2
2018,11,28,14.1,8,2
2018,11,29,12.8,8,2
2018,11,30,12.4,8,2
2018,12,1,12,8,2
2018,12,2,10,8,2
2018,12,3,13.2,8,2
2018,12,4,17.7,8,2
2018,12,5,16.8,8,2
2018,12,6,10.1,8,2
2018,12,7,12.2,8,2
2018,12,8,9.3,8,2
2018,12,9,7.8,8,2
2018,12,10,5.9,8,2
2018,12,11,4.7,8,2
2018,12,12,6.9,8,2
2018,12,13,6.7,8,2
2018,12,14,6.3,8,2
2018,12,15,6.1,8,2
2018,12,16,3.3,8,2
2018,12,17,6.6,8,2
2018,12,18,8.9,8,2
2018,12,19,8.2,8,2
2018,12,20,8.7,8,2
2018,12,21,8.9,8,2
2018,12,22,9,8,2
2018,12,23,9.9,8,2
2018,12,24,8.2,8,2
2018,12,25,5.8,8,2
2018,12,26,7.3,8,2
2018,12,27,9,8,2
2018,12,28,4.8,8,2
2018,12,29,4.3,8,2
2018,12,30,4.8,8,2
2018,12,31,4.9,8,2
2019,1,1,5.3,8,2
2019,1,2,6.2,8,2
2019,1,3,4.9,8,2
2019,1,4,5.1,8,2
2019,1,5,7.4,8,2
2019,1,6,5.3,8,2
2019,1,7,5.4,8,2
2019,1,8,4.6,8,2
2019,1,9,4.5,8,2
2019,1,10,2,8,2
2019,1,11,6.4,8,2
2019,1,12,4.6,8,2
2019,1,13,6.2,8,2
2019,1,14,5.6,8,2
2019,1,15,5.6,8,2
2019,1,16,6.6,8,2
2019,1,17,6.6,8,2
2019,1,18,5.9,8,2
2019,1,19,6.6,8,2
2019,1,20,7.1,8,2
2019,1,21,5.8,8,2
2019,1,22,5,8,2
2019,1,23,6.7,8,2
2019,1,24,6.2,8,2
2019,1,25,6,8,2
2019,1,26,4.5,8,2
2019,1,27,4.6,8,2
2019,1,28,6.5,8,2
2019,1,29,6,8,2
2019,1,30,5.2,8,2
2019,1,31,5.1,8,2
2019,2,1,4.1,8,2
2019,2,2,6,8,2
2019,2,3,8.5,8,2
2019,2,4,13.2,8,2
2019,2,5,6.7,8,2
2019,2,6,5.7,8,2
2019,2,7,9.6,8,2
2019,2,8,6.1,8,2
2019,2,9,0.8,8,2
2019,2,10,3.5,8,2
2019,2,11,3,8,2
2019,2,12,6.2,8,2
2019,2,13,5.2,8,2
2019,2,14,4.5,8,2
2019,2,15,3,8,2
2019,2,16,6.8,8,2
2019,2,17,6.4,8,2
2019,2,18,8.2,8,2
2019,2,19,9.1,8,2
2019,2,20,11.6,8,2
2019,2,21,10.3,8,2
2019,2,22,9.3,8,2
2019,2,23,8.9,8,2
2019,2,24,8.8,8,2
2019,2,25,11.3,8,2
2019,2,26,10.2,8,2
2019,2,27,7.7,8,2
2019,2,28,6.6,8,2
2019,3,1,8.8,8,2
2019,3,2,10.3,8,2
2019,3,3,6.5,8,2
2019,3,4,7.3,8,2
2019,3,5,9.6,8,2
2019,3,6,10.8,8,2
2019,3,7,8.2,8,2
2019,3,8,7.3,8,2
2019,3,9,10,8,2
2019,3,10,12.5,8,2
2019,3,11,12.3,8,2
2019,3,12,12.4,8,2
2019,3,13,11.7,8,2
2019,3,14,8.4,8,2
2019,3,15,9.7,8,2
2019,3,16,8.9,8,2
2019,3,17,9.1,8,2
2019,3,18,9.7,8,2
2019,3,19,13.2,8,2
2019,3,20,15,8,2
2019,3,21,17.7,8,2
2019,3,22,16.2,8,2
2019,3,23,7.1,8,2
2019,3,24,8.2,8,2
2019,3,25,9.9,8,2
2019,3,26,11.9,8,2
2019,3,27,14.2,8,2
2019,3,28,13.6,8,2
2019,3,29,7.7,8,2
2019,3,30,8.7,8,2
2019,3,31,10.5,8,2
2019,4,1,8.8,8,2
2019,4,2,7.2,8,2
2019,4,3,8.1,8,2
2019,4,4,10.6,8,2
2019,4,5,15.4,8,2
2019,4,6,15.9,8,2
2019,4,7,15.5,8,2
2019,4,8,9.3,8,2
2019,4,9,10.3,8,2
2019,4,10,5.7,8,2
2019,4,11,10.4,8,2
2019,4,12,9.6,8,2
2019,4,13,12.1,8,2
2019,4,14,14.7,8,2
2019,4,15,16,8,2
2019,4,16,15.3,8,2
2019,4,17,15.5,8,2
2019,4,18,17.5,8,2
2019,4,19,18.3,8,2
2019,4,20,14.2,8,2
2019,4,21,17.5,8,2
2019,4,22,19.2,8,2
2019,4,23,18.7,8,2
2019,4,24,19.1,8,2
2019,4,25,20.3,8,2
2019,4,26,11.6,8,2
2019,4,27,10.2,8,2
2019,4,28,12.6,8,2
2019,4,29,14.8,8,2
2019,4,30,14.8,8,2
2019,5,1,17.4,8,2
2019,5,2,17.3,8,2
2019,5,3,18.5,8,2
2019,5,4,18.4,8,2
2019,5,5,18.9,8,2
2019,5,6,18.8,8,2
2019,5,7,15.3,8,2
2019,5,8,16.5,8,2
2019,5,9,18.6,8,2
2019,5,10,20.6,8,2
2019,5,11,20.9,8,2
2019,5,12,17.6,8,2
2019,5,13,17.7,8,2
2019,5,14,17.9,8,2
2019,5,15,18.7,8,2
2019,5,16,20,8,2
2019,5,17,20,8,2
2019,5,18,20.3,8,2
2019,5,19,20.5,8,2
2019,5,20,20.5,8,2
2019,5,21,19.4,8,2
2019,5,22,19.4,8,2
2019,5,23,21.3,8,2
2019,5,24,23.1,8,2
2019,5,25,24.4,8,2
2019,5,26,25.2,8,2
2019,5,27,26.1,8,2
2019,5,28,23.5,8,2
2019,5,29,20.2,8,2
2019,5,30,21.2,8,2
2019,5,31,21.6,8,2
2019,6,1,21.8,8,2
2019,6,2,22,8,2
2019,6,3,22.2,8,2
2019,6,4,22.4,8,2
2019,6,5,22.6,8,2
2019,6,6,25.2,8,2
2019,6,7,21,8,2
2019,6,8,20.8,8,2
2019,6,9,17.5,8,2
2019,6,10,16.2,8,2
2019,6,11,18.3,8,2
2019,6,12,18,8,2
2019,6,13,20.7,8,2
2019,6,14,22.2,8,2
2019,6,15,17.3,8,2
2019,6,16,23.5,8,2
2019,6,17,23.6,8,2
2019,6,18,23.4,8,2
2019,6,19,23.5,8,2
2019,6,20,24.1,8,2
2019,6,21,24.6,8,2
2019,6,22,22.2,8,2
2019,6,23,21.4,8,2
2019,6,24,19.1,8,2
2019,6,25,22.3,8,2
2019,6,26,24.7,8,2
2019,6,27,25.6,8,2
2019,6,28,25.2,8,2
2019,6,29,20.2,8,2
2019,6,30,21.6,8,2
2019,7,1,22.7,8,2
2019,7,2,23.8,8,2
2019,7,3,24.9,8,2
2019,7,4,22.7,8,2
2019,7,5,21.9,8,2
2019,7,6,21,8,2
2019,7,7,19.2,8,2
2019,7,8,20.3,8,2
2019,7,9,19.7,8,2
2019,7,10,21,8,2
2019,7,11,19.9,8,2
2019,7,12,20.2,8,2
2019,7,13,23.4,8,2
2019,7,14,21.3,8,2
2019,7,15,21.3,8,2
2019,7,16,20.5,8,2
2019,7,17,23.9,8,2
2019,7,18,25.6,8,2
2019,7,19,26.7,8,2
2019,7,20,26.5,8,2
2019,7,21,25,8,2
2019,7,22,22.7,8,2
2019,7,23,24.5,8,2
2019,7,24,26.8,8,2
2019,7,25,28,8,2
2019,7,26,28.5,8,2
2019,7,27,28,8,2
2019,7,28,27.7,8,2
2019,7,29,29,8,2
2019,7,30,29.5,8,2
2019,7,31,30,8,2
2019,8,1,30.5,8,2
2019,8,2,30.2,8,2
2019,8,3,29.4,8,2
2019,8,4,29.4,8,2
2019,8,5,29.8,8,2
2019,8,6,30.3,8,2
2019,8,7,30.4,8,2
2019,8,8,29.9,8,2
2019,8,9,30.1,8,2
2019,8,10,29.6,8,2
2019,8,11,29.4,8,2
2019,8,12,28.8,8,2
2019,8,13,29.3,8,2
2019,8,14,29.2,8,2
2019,8,15,29.2,8,2
2019,8,16,29,8,2
2019,8,17,30.3,8,2
2019,8,18,30.1,8,2
2019,8,19,28.1,8,2
2019,8,20,26.5,8,2
2019,8,21,27,8,2
2019,8,22,26,8,2
2019,8,23,26.3,8,2
2019,8,24,27.3,8,2
2019,8,25,25.8,8,2
2019,8,26,25.3,8,2
2019,8,27,25.3,8,2
2019,8,28,25.6,8,2
2019,8,29,28.9,8,2
2019,8,30,26,8,2
2019,8,31,27.3,8,2
2019,9,1,27.7,8,2
2019,9,2,27.6,8,2
2019,9,3,25.8,8,2
2019,9,4,23.7,8,2
2019,9,5,25.7,8,2
2019,9,6,27.9,8,2
2019,9,7,28.4,8,2
2019,9,8,29.1,8,2
2019,9,9,29,8,2
2019,9,10,29.9,8,2
2019,9,11,27.4,8,2
2019,9,12,25.1,8,2
2019,9,13,22.4,8,2
2019,9,14,22.1,8,2
2019,9,15,25.2,8,2
2019,9,16,22.9,8,2
2019,9,17,25.8,8,2
2019,9,18,21.2,8,2
2019,9,19,22.1,8,2
2019,9,20,22.8,8,2
2019,9,21,21.8,8,2
2019,9,22,22.4,8,2
2019,9,23,26,8,2
2019,9,24,25.4,8,2
2019,9,25,24.3,8,2
2019,9,26,22.8,8,2
2019,9,27,23,8,2
2019,9,28,24.4,8,2
2019,9,29,24.7,8,2
2019,9,30,25.2,8,2
2019,10,1,24.5,8,2
2019,10,2,23.9,8,2
2019,10,3,24.5,8,2
2019,10,4,24.8,8,2
2019,10,5,26.1,8,2
2019,10,6,20.5,8,2
2019,10,7,20,8,2
2019,10,8,21.7,8,2
2019,10,9,20.8,8,2
2019,10,10,19.4,8,2
2019,10,11,19.6,8,2
2019,10,12,23.3,8,2
2019,10,13,24.5,8,2
2019,10,14,17,8,2
2019,10,15,18.4,8,2
2019,10,16,16.1,8,2
2019,10,17,16.2,8,2
2019,10,18,16.5,8,2
2019,10,19,17.4,8,2
2019,10,20,20.1,8,2
2019,10,21,18.2,8,2
2019,10,22,15.4,8,2
2019,10,23,18.5,8,2
2019,10,24,18.1,8,2
2019,10,25,15.1,8,2
2019,10,26,18.1,8,2
2019,10,27,18.3,8,2
2019,10,28,17.4,8,2
2019,10,29,14.5,8,2
2019,10,30,16.5,8,2
2019,10,31,16.8,8,2
2019,11,1,17.4,8,2
2019,11,2,15.7,8,2
2019,11,3,15.8,8,2
2019,11,4,14.6,8,2
2019,11,5,13.7,8,2
2019,11,6,14.3,8,2
2019,11,7,16,8,2
2019,11,8,15.1,8,2
2019,11,9,13.3,8,2
2019,11,10,13.9,8,2
2019,11,11,12.9,8,2
2019,11,12,15.1,8,2
2019,11,13,13.3,8,2
2019,11,14,16.9,8,2
2019,11,15,12.6,8,2
2019,11,16,12.8,8,2
2019,11,17,13.4,8,2
2019,11,18,16.1,8,2
2019,11,19,15.8,8,2
2019,11,20,12,8,2
2019,11,21,11.3,8,2
2019,11,22,8.1,8,2
2019,11,23,11.3,8,2
2019,11,24,15.9,8,2
2019,11,25,16.6,8,2
2019,11,26,8.8,8,2
2019,11,27,9.3,8,2
2019,11,28,8.5,8,2
2019,11,29,5.2,8,2
2019,11,30,7.3,8,2
2019,12,1,7.4,8,2
2019,12,2,9.5,8,2
2019,12,3,11.8,5,2
2019,12,4,10.2,8,2
2019,12,5,9.6,8,2
2019,12,6,8,8,2
2019,12,7,5.5,8,2
2019,12,8,7.4,8,2
2019,12,9,6.4,5,2
2019,12,10,10.2,8,2
2019,12,11,11.7,8,2
2019,12,12,11.7,8,2
2019,12,13,7.5,8,2
2019,12,14,9.4,8,2
2019,12,15,8.7,8,2
2019,12,16,7.8,8,2
2019,12,17,8.2,8,2
2019,12,18,11.1,8,2
2019,12,19,9,8,2
2019,12,20,10.6,8,2
2019,12,21,8.1,8,2
2019,12,22,6.8,8,2
2019,12,23,6.8,8,2
2019,12,24,8.2,8,2
2019,12,25,5.9,8,2
2019,12,26,7.8,8,2
2019,12,27,8.7,8,2
2019,12,28,6.8,8,2
2019,12,29,7,8,2
2019,12,30,6.7,8,2
2019,12,31,8.2,8,2
2020,1,1,5.5,8,2
2020,1,2,6.2,8,2
2020,1,3,6.1,8,2
2020,1,4,7.2,8,2
2020,1,5,5.4,8,2
2020,1,6,7.5,8,2
2020,1,7,5.7,8,2
2020,1,8,5.2,8,2
2020,1,9,10.6,8,2
2020,1,10,8.4,8,2
2020,1,11,7,8,2
2020,1,12,6.7,8,2
2020,1,13,8.5,8,2
2020,1,14,8.4,8,2
2020,1,15,6.8,8,2
2020,1,16,6.7,8,2
2020,1,17,7.3,8,2
2020,1,18,3.8,8,2
2020,1,19,6.5,8,2
2020,1,20,7.5,8,2
2020,1,21,7.4,8,2
2020,1,22,4.9,8,2
2020,1,23,6.1,8,2
2020,1,24,9.9,8,2
2020,1,25,7.8,8,2
2020,1,26,5,8,2
2020,1,27,5.1,8,2
2020,1,28,4.4,8,2
2020,1,29,11.8,8,2
2020,1,30,11.7,8,2
2020,1,31,8.1,8,2
2020,2,1,7.9,8,2
2020,2,2,8.7,8,2
2020,2,3,9.3,8,2
2020,2,4,7.9,8,2
2020,2,5,7.6,8,2
2020,2,6,2.9,8,2
2020,2,7,2.4,8,2
2020,2,8,6.2,8,2
2020,2,9,3.9,8,2
2020,2,10,4.6,8,2
2020,2,11,6.3,8,2
2020,2,12,8.7,8,2
2020,2,13,11.7,8,2
2020,2,14,12,8,2
2020,2,15,12.4,8,2
2020,2,16,9.3,8,2
2020,2,17,10.3,8,2
2020,2,18,7.6,8,2
2020,2,19,8.1,8,2
2020,2,20,9,8,2
2020,2,21,10,8,2
2020,2,22,12.5,8,2
2020,2,23,10.4,8,2
2020,2,24,9.8,8,2
2020,2,25,10.5,8,2
2020,2,26,8.1,8,2
2020,2,27,7,8,2
2020,2,28,7,8,2
2020,2,29,9.4,8,2
2020,3,1,12,8,2
2020,3,2,7.3,8,2
2020,3,3,11.3,8,2
2020,3,4,8.9,8,2
2020,3,5,9.2,8,2
2020,3,6,9.4,8,2
2020,3,7,7.3,8,2
2020,3,8,7.2,8,2
2020,3,9,13.1,8,2
2020,3,10,14.7,8,2
2020,3,11,15.3,8,2
2020,3,12,11.4,8,2
2020,3,13,12.5,8,2
2020,3,14,5.5,8,2
2020,3,15,7.1,8,2
2020,3,16,7.1,8,2
2020,3,17,7.7,8,2
2020,3,18,11.9,8,2
2020,3,19,14.6,8,2
2020,3,20,14.5,8,2
2020,3,21,13.8,8,2
2020,3,22,16.8,8,2
2020,3,23,10.3,8,2
2020,3,24,8.2,8,2
2020,3,25,10,8,2
2020,3,26,13,8,2
2020,3,27,16.2,8,2
2020,3,28,15.5,8,2
2020,3,29,3.6,8,2
2020,3,30,7.6,8,2
2020,3,31,9.8,8,2
2020,4,1,11.4,8,2
2020,4,2,13.9,8,2
2020,4,3,12.8,8,2
2020,4,4,15.7,8,2
2020,4,5,10.2,8,2
2020,4,6,12.1,8,2
2020,4,7,12.4,8,2
2020,4,8,14.3,8,2
2020,4,9,13.3,8,2
2020,4,10,11.2,8,2
2020,4,11,11.4,8,2
2020,4,12,10.3,8,2
2020,4,13,8,8,2
2020,4,14,10.9,8,2
2020,4,15,13.8,8,2
2020,4,16,11.7,8,2
2020,4,17,12.4,8,2
2020,4,18,12.9,8,2
2020,4,19,14.7,8,2
2020,4,20,9.7,8,2
2020,4,21,14.2,8,2
2020,4,22,13.5,8,2
2020,4,23,11.9,8,2
2020,4,24,12.2,8,2
2020,4,25,12.7,8,2
2020,4,26,18.3,8,2
2020,4,27,12.8,8,2
2020,4,28,12.3,8,2
2020,4,29,15.1,8,2
2020,4,30,18,8,2
2020,5,1,19.9,8,2
2020,5,2,20.6,8,2
2020,5,3,20.7,8,2
2020,5,4,19.3,8,2
2020,5,5,21.3,8,2
2020,5,6,15.8,8,2
2020,5,7,16.5,8,2
2020,5,8,16.7,8,2
2020,5,9,18.3,8,2
2020,5,10,21.5,8,2
2020,5,11,22.9,8,2
2020,5,12,21.7,8,2
2020,5,13,22.3,8,2
2020,5,14,20.8,8,2
2020,5,15,21.5,8,2
2020,5,16,18.5,8,2
2020,5,17,21.6,8,2
2020,5,18,19.2,8,2
2020,5,19,17.7,8,2
2020,5,20,12.7,8,2
2020,5,21,12.7,8,2
2020,5,22,15.3,8,2
2020,5,23,18.4,8,2
2020,5,24,20.8,8,2
2020,5,25,21.6,8,2
2020,5,26,20.9,8,2
2020,5,27,21.4,8,2
2020,5,28,19.4,8,2
2020,5,29,20.7,8,2
2020,5,30,22,8,2
2020,5,31,21.3,8,2
2020,6,1,19.6,8,2
2020,6,2,22.3,8,2
2020,6,3,24,8,2
2020,6,4,23.5,8,2
2020,6,5,24.8,8,2
2020,6,6,24.2,8,2
2020,6,7,22,8,2
2020,6,8,23.2,8,2
2020,6,9,25.5,8,2
2020,6,10,26.2,8,2
2020,6,11,25.1,8,2
2020,6,12,26.2,8,2
2020,6,13,21.3,8,2
2020,6,14,21.7,8,2
2020,6,15,25.9,8,2
2020,6,16,25.5,8,2
2020,6,17,23.6,8,2
2020,6,18,22.1,8,2
2020,6,19,18.7,8,2
2020,6,20,22.9,8,2
2020,6,21,21.9,8,2
2020,6,22,19.2,8,2
2020,6,23,22.3,8,2
2020,6,24,22.5,8,2
2020,6,25,20.2,8,2
2020,6,26,24.7,8,2
2020,6,27,25.5,8,2
2020,6,28,22.2,8,2
2020,6,29,24.9,8,2
2020,6,30,24.6,8,2
2020,7,1,25.1,8,2
2020,7,2,25.9,8,2
2020,7,3,23.8,8,2
2020,7,4,23.8,8,2
2020,7,5,24.9,8,2
2020,7,6,24.8,8,2
2020,7,7,27.2,8,2
2020,7,8,26,8,2
2020,7,9,23.7,8,2
2020,7,10,25.3,8,2
2020,7,11,27.5,8,2
2020,7,12,26,8,2
2020,7,13,21,8,2
2020,7,14,22.3,8,2
2020,7,15,20.4,8,2
2020,7,16,20.7,8,2
2020,7,17,19.3,8,2
2020,7,18,20.4,8,2
2020,7,19,24.3,8,2
2020,7,20,26.9,8,2
2020,7,21,25.5,8,2
2020,7,22,26.6,8,2
2020,7,23,23.2,8,2
2020,7,24,24.5,8,2
2020,7,25,25.1,8,2
2020,7,26,25.6,8,2
2020,7,27,26.3,8,2
2020,7,28,26.7,8,2
2020,7,29,22.9,8,2
2020,7,30,23.2,8,2
2020,7,31,24.8,8,2
2020,8,1,26.1,8,2
2020,8,2,26.3,8,2
2020,8,3,27.2,8,2
2020,8,4,28.3,8,2
2020,8,5,29.1,8,2
2020,8,6,28.5,8,2
2020,8,7,29.5,8,2
2020,8,8,28.1,8,2
2020,8,9,28.7,8,2
2020,8,10,30.5,8,2
2020,8,11,31.7,8,2
2020,8,12,30,8,2
2020,8,13,29.4,8,2
2020,8,14,29.4,8,2
2020,8,15,31,8,2
2020,8,16,31.2,8,2
2020,8,17,30.8,8,2
2020,8,18,30.3,8,2
2020,8,19,29,8,2
2020,8,20,29.7,8,2
2020,8,21,30.1,8,2
2020,8,22,29.3,8,2
2020,8,23,25.6,8,2
2020,8,24,27.2,8,2
2020,8,25,27.8,8,2
2020,8,26,28.8,8,2
2020,8,27,29.3,8,2
2020,8,28,30.2,8,2
2020,8,29,30.3,8,2
2020,8,30,30,8,2
2020,8,31,27.5,8,2
2020,9,1,24.9,8,2
2020,9,2,26.8,8,2
2020,9,3,28.4,8,2
2020,9,4,29.3,8,2
2020,9,5,28.6,8,2
2020,9,6,25.7,8,2
2020,9,7,26.7,8,2
2020,9,8,29.5,8,2
2020,9,9,29,8,2
2020,9,10,27.7,8,2
2020,9,11,28.3,8,2
2020,9,12,23.7,8,2
2020,9,13,23.3,8,2
2020,9,14,23.4,8,2
2020,9,15,23.8,8,2
2020,9,16,24,8,2
2020,9,17,24.9,8,2
2020,9,18,29,8,2
2020,9,19,24.7,8,2
2020,9,20,22.2,8,2
2020,9,21,22,8,2
2020,9,22,22.5,8,2
2020,9,23,20.2,8,2
2020,9,24,19,8,2
2020,9,25,19.4,8,2
2020,9,26,18.5,8,2
2020,9,27,19.7,8,2
2020,9,28,21.5,8,2
2020,9,29,19.7,8,2
2020,9,30,20,8,2
2020,10,1,19.5,8,2
2020,10,2,21,8,2
2020,10,3,21.7,8,2
2020,10,4,22,8,2
2020,10,5,21.7,8,2
2020,10,6,21,8,2
2020,10,7,18.3,8,2
2020,10,8,14.7,8,2
2020,10,9,14.5,8,2
2020,10,10,16,8,2
2020,10,11,19.8,8,2
2020,10,12,21.5,8,2
2020,10,13,22.1,8,2
2020,10,14,20.3,8,2
2020,10,15,16.8,8,2
2020,10,16,16.1,8,2
2020,10,17,12.7,8,2
2020,10,18,14.3,8,2
2020,10,19,13.1,8,2
2020,10,20,15.6,8,2
2020,10,21,16,8,2
2020,10,22,17.4,8,2
2020,10,23,16.8,8,2
2020,10,24,17.3,8,2
2020,10,25,15.5,8,2
2020,10,26,16.2,8,2
2020,10,27,16.7,8,2
2020,10,28,16.6,8,2
2020,10,29,17.3,8,2
2020,10,30,14.9,8,2
2020,10,31,13.8,8,2
2020,11,1,14.3,8,2
2020,11,2,15.6,8,2
2020,11,3,14.8,8,2
2020,11,4,13.7,8,2
2020,11,5,13.4,8,2
2020,11,6,12.8,5,2
2020,11,7,15.5,8,2
2020,11,8,17.3,8,2
2020,11,9,13.5,8,2
2020,11,10,11.9,8,2
2020,11,11,11.9,8,2
2020,11,12,10.2,8,2
2020,11,13,13.7,8,2
2020,11,14,14.7,8,2
2020,11,15,13.4,8,2
2020,11,16,14.7,8,2
2020,11,17,15.2,8,2
2020,11,18,15.8,8,2
2020,11,19,19.1,8,2
2020,11,20,21.9,8,2
2020,11,21,16.6,8,2
2020,11,22,15,8,2
2020,11,23,15.5,8,2
2020,11,24,11.8,8,2
2020,11,25,10.5,8,2
2020,11,26,12.8,8,2
2020,11,27,11.6,8,2
2020,11,28,11.8,8,2
2020,11,29,10.1,8,2
2020,11,30,9.9,8,2
2020,12,1,10.2,8,2
2020,12,2,8.2,8,2
2020,12,3,8.1,8,2
2020,12,4,9.2,8,2
2020,12,5,6.6,8,2
2020,12,6,8.2,8,2
2020,12,7,9.7,8,2
2020,12,8,11.4,8,2
2020,12,9,9.8,8,2
2020,12,10,9.3,8,2
2020,12,11,10.2,8,2
2020,12,12,11.4,8,2
2020,12,13,9.9,8,2
2020,12,14,8.5,8,2
2020,12,15,6.1,8,2
2020,12,16,4.6,8,2
2020,12,17,4.3,8,2
2020,12,18,6.1,8,2
2020,12,19,5.8,8,2
2020,12,20,4.4,8,2
2020,12,21,5.3,8,2
2020,12,22,5.6,8,2
2020,12,23,7.7,8,2
2020,12,24,8,8,2
2020,12,25,8.7,8,2
2020,12,26,6.4,8,2
2020,12,27,7.8,8,2
2020,12,28,8.5,8,2
2020,12,29,8.7,8,2
2020,12,30,6.9,8,2
2020,12,31,3.4,8,2
2021,1,1,4.4,8,2
2021,1,2,4.8,8,2
2021,1,3,3.7,8,2
2021,1,4,5.8,8,2
2021,1,5,6,8,2
2021,1,6,5.3,8,2
2021,1,7,6.3,8,2
2021,1,8,2.4,8,2
2021,1,9,2.9,8,2
2021,1,10,2.6,8,2
2021,1,11,2.3,8,2
2021,1,12,3.4,8,2
2021,1,13,5.8,8,2
2021,1,14,7.9,8,2
2021,1,15,6.6,8,2
2021,1,16,10,8,2
2021,1,17,6.1,8,2
2021,1,18,4.3,8,2
2021,1,19,4.4,8,2
2021,1,20,3.9,8,2
2021,1,21,4.8,8,2
2021,1,22,8.7,8,2
2021,1,23,6.4,8,2
2021,1,24,4.3,8,2
2021,1,25,7.6,8,2
2021,1,26,7.5,8,2
2021,1,27,10.3,8,2
2021,1,28,4.4,8,2
2021,1,29,5.3,8,2
2021,1,30,4.1,8,2
2021,1,31,5.4,8,2
2021,2,1,7.2,8,2
2021,2,2,8.8,8,2
2021,2,3,6.2,8,2
2021,2,4,7,8,2
2021,2,5,7.1,8,2
2021,2,6,8.9,8,2
2021,2,7,9.9,8,2
2021,2,8,6.1,8,2
2021,2,9,4.7,8,2
2021,2,10,6.7,8,2
2021,2,11,8.7,8,2
2021,2,12,7.8,8,2
2021,2,13,10.4,8,2
2021,2,14,12.3,8,2
2021,2,15,11.4,8,2
2021,2,16,10.6,8,2
2021,2,17,7.6,8,2
2021,2,18,4.3,8,2
2021,2,19,6.9,8,2
2021,2,20,10.2,8,2
2021,2,21,13.9,8,2
2021,2,22,14.9,8,2
2021,2,23,11,8,2
2021,2,24,6.4,8,2
2021,2,25,6.6,8,2
2021,2,26,8.7,8,2
2021,2,27,5.7,8,2
2021,2,28,6.6,8,2
2021,3,1,11.8,8,2
2021,3,2,13.5,8,2
2021,3,3,7.4,8,2
2021,3,4,9,8,2
2021,3,5,11.8,8,2
2021,3,6,13.8,8,2
2021,3,7,7.8,8,2
2021,3,8,6.6,8,2
2021,3,9,9.6,8,2
2021,3,10,12,8,2
2021,3,11,9.9,8,2
2021,3,12,12.7,8,2
2021,3,13,11.1,8,2
2021,3,14,12.5,8,2
2021,3,15,12.9,8,2
2021,3,16,14.5,8,2
2021,3,17,13.7,8,2
2021,3,18,12.3,8,2
2021,3,19,12.9,8,2
2021,3,20,14.1,8,2
2021,3,21,16.7,8,2
2021,3,22,12.1,8,2
2021,3,23,10.8,8,2
2021,3,24,13.8,8,2
2021,3,25,14.5,8,2
2021,3,26,14.5,8,2
2021,3,27,13.7,8,2
2021,3,28,16.5,8,2
2021,3,29,17.5,8,2
2021,3,30,17.8,8,2
2021,3,31,17.9,8,2
2021,4,1,16.6,8,2
2021,4,2,16,8,2
2021,4,3,16.9,8,2
2021,4,4,18.5,8,2
2021,4,5,12.9,8,2
2021,4,6,10.6,8,2
2021,4,7,13.3,8,2
2021,4,8,13.3,8,2
2021,4,9,11.9,8,2
2021,4,10,10.4,8,2
2021,4,11,12.5,8,2
2021,4,12,14.4,8,2
2021,4,13,15.7,8,2
2021,4,14,15.3,8,2
2021,4,15,10.7,8,2
2021,4,16,13.7,8,2
2021,4,17,15.7,8,2
2021,4,18,16.4,8,2
2021,4,19,15.8,8,2
2021,4,20,17.2,8,2
2021,4,21,19.1,8,2
2021,4,22,18.1,8,2
2021,4,23,13.8,8,2
2021,4,24,15.3,8,2
2021,4,25,16.9,8,2
2021,4,26,13.4,8,2
2021,4,27,14.6,8,2
2021,4,28,18.2,8,2
2021,4,29,17.2,8,2
2021,4,30,18.8,8,2
2021,5,1,17.7,8,2
2021,5,2,16.3,8,2
2021,5,3,16.4,8,2
2021,5,4,18,8,2
2021,5,5,18.3,8,2
2021,5,6,18.5,8,2
2021,5,7,17.5,8,2
2021,5,8,19.5,8,2
2021,5,9,23,8,2
2021,5,10,20.2,8,2
2021,5,11,17.5,8,2
2021,5,12,17.9,8,2
2021,5,13,16.1,8,2
2021,5,14,20.8,8,2
2021,5,15,21.2,8,2
2021,5,16,20,8,2
2021,5,17,23,8,2
2021,5,18,20.5,8,2
2021,5,19,17.2,8,2
2021,5,20,19.1,8,2
2021,5,21,21.7,8,2
2021,5,22,20,8,2
2021,5,23,19.6,8,2
2021,5,24,22.1,8,2
2021,5,25,22.4,8,2
2021,5,26,21.1,8,2
2021,5,27,16.9,8,2
2021,5,28,20.5,8,2
2021,5,29,22.8,8,2
2021,5,30,21.2,8,2
2021,5,31,20.6,8,2
2021,6,1,20.1,8,2
2021,6,2,22,8,2
2021,6,3,22.1,8,2
2021,6,4,21,8,2
2021,6,5,22.1,8,2
2021,6,6,21.7,8,2
2021,6,7,23.4,8,2
2021,6,8,24.8,8,2
2021,6,9,24.5,8,2
2021,6,10,24.1,8,2
2021,6,11,23.7,8,2
2021,6,12,23.3,8,2
2021,6,13,24.3,8,2
2021,6,14,21,8,2
2021,6,15,23.4,8,2
2021,6,16,22.2,8,2
2021,6,17,21.8,8,2
2021,6,18,22.8,8,2
2021,6,19,20.3,8,2
2021,6,20,22.8,8,2
2021,6,21,22.9,8,2
2021,6,22,23.1,8,2
2021,6,23,22,8,2
2021,6,24,22.8,8,2
2021,6,25,23.3,8,2
2021,6,26,24.2,8,2
2021,6,27,23.7,8,2
2021,6,28,24.4,8,2
2021,6,29,21.9,8,2
2021,6,30,20.6,8,2
2021,7,1,20.9,8,2
2021,7,2,21.2,8,2
2021,7,3,22.2,8,2
2021,7,4,20.1,8,2
2021,7,5,22.1,8,2
2021,7,6,24.7,8,2
2021,7,7,25.8,8,2
2021,7,8,23.7,8,2
2021,7,9,23.5,8,2
2021,7,10,27,8,2
2021,7,11,24.7,8,2
2021,7,12,25.8,8,2
2021,7,13,25.5,8,2
2021,7,14,25.3,8,2
2021,7,15,26.4,8,2
2021,7,16,27.7,8,2
2021,7,17,27.4,8,2
2021,7,18,28.1,8,2
2021,7,19,29.2,8,2
2021,7,20,28.8,8,2
2021,7,21,28.4,8,2
2021,7,22,28.4,8,2
2021,7,23,28.4,8,2
2021,7,24,28.5,8,2
2021,7,25,28.5,8,2
2021,7,26,27.5,8,2
2021,7,27,24.9,8,2
2021,7,28,27.7,8,2
2021,7,29,27.8,8,2
2021,7,30,25.8,8,2
2021,7,31,27.5,8,2
2021,8,1,28.7,8,2
2021,8,2,28.6,8,2
2021,8,3,29,8,2
2021,8,4,29.5,8,2
2021,8,5,29.1,8,2
2021,8,6,29.1,8,2
2021,8,7,27.9,8,2
2021,8,8,25.9,8,2
2021,8,9,28.1,8,2
2021,8,10,31,8,2
2021,8,11,29.2,8,2
2021,8,12,26,8,2
2021,8,13,22.5,8,2
2021,8,14,22.3,8,2
2021,8,15,19.3,8,2
2021,8,16,20.7,8,2
2021,8,17,23.7,8,2
2021,8,18,27,8,2
2021,8,19,28.5,8,2
2021,8,20,28.7,8,2
2021,8,21,27.9,8,2
2021,8,22,28.5,8,2
2021,8,23,26.9,8,2
2021,8,24,27.5,8,2
2021,8,25,29.4,8,2
2021,8,26,30.5,8,2
2021,8,27,30,8,2
2021,8,28,29.8,8,2
2021,8,29,28.5,8,2
2021,8,30,29.2,8,2
2021,8,31,26.9,8,2
2021,9,1,20.7,8,2
2021,9,2,19.4,8,2
2021,9,3,19.7,8,2
2021,9,4,20.6,8,2
2021,9,5,21,8,2
2021,9,6,19.9,8,2
2021,9,7,20.4,8,2
2021,9,8,20.3,8,2
2021,9,9,20.5,8,2
2021,9,10,24.8,8,2
2021,9,11,25,8,2
2021,9,12,24.4,8,2
2021,9,13,25.2,8,2
2021,9,14,22.8,8,2
2021,9,15,22.9,8,2
2021,9,16,22.3,8,2
2021,9,17,22.3,8,2
2021,9,18,23.7,8,2
2021,9,19,23.9,8,2
2021,9,20,22.4,8,2
2021,9,21,22.7,8,2
2021,9,22,24.9,8,2
2021,9,23,26.6,8,2
2021,9,24,25.4,8,2
2021,9,25,22.1,8,2
2021,9,26,19.9,8,2
2021,9,27,20.1,8,2
2021,9,28,21.1,8,2
2021,9,29,21.9,8,2
2021,9,30,23.2,8,2
2021,10,1,19,8,2
2021,10,2,21.9,8,2
2021,10,3,22.1,8,2
2021,10,4,23.5,8,2
2021,10,5,23.9,8,2
2021,10,6,22.8,8,2
2021,10,7,21.3,8,2
2021,10,8,24.2,8,2
2021,10,9,22.7,8,2
2021,10,10,22.2,8,2
2021,10,11,24,8,2
2021,10,12,20.5,8,2
2021,10,13,17.4,8,2
2021,10,14,19.1,8,2
2021,10,15,20.7,8,2
2021,10,16,21,8,2
2021,10,17,15.7,8,2
2021,10,18,13.6,8,2
2021,10,19,13.5,8,2
2021,10,20,16.1,8,2
2021,10,21,15.4,8,2
2021,10,22,11.2,8,2
2021,10,23,13.6,8,2
2021,10,24,13.4,8,2
2021,10,25,14,8,2
2021,10,26,15,8,2
2021,10,27,14.5,8,2
2021,10,28,17.6,8,2
2021,10,29,15.3,8,2
2021,10,30,14.5,8,2
2021,10,31,13.6,8,2
2021,11,1,16.8,8,2
2021,11,2,17.7,8,2
2021,11,3,17.1,8,2
2021,11,4,15.5,8,2
2021,11,5,15.3,8,2
2021,11,6,14.9,8,2
2021,11,7,15.7,8,2
2021,11,8,16.4,8,2
2021,11,9,16.1,8,2
2021,11,10,16,8,2
2021,11,11,15.4,8,2
2021,11,12,14.5,8,2
2021,11,13,13.1,8,2
2021,11,14,14,8,2
2021,11,15,14.3,8,2
2021,11,16,14.2,8,2
2021,11,17,13.5,8,2
2021,11,18,12.6,8,2
2021,11,19,12.5,8,2
2021,11,20,13.2,8,2
2021,11,21,12.5,8,2
2021,11,22,13.5,8,2
2021,11,23,12.5,8,2
2021,11,24,11.4,8,2
2021,11,25,12.3,8,2
2021,11,26,12,8,2
2021,11,27,9.6,8,2
2021,11,28,8.9,8,2
2021,11,29,8.1,8,2
2021,11,30,11,8,2
2021,12,1,15.5,8,2
2021,12,2,10.1,8,2
2021,12,3,9.7,8,2
2021,12,4,9.9,8,2
2021,12,5,8.6,8,2
2021,12,6,8.9,8,2
2021,12,7,11.8,8,2
2021,12,8,9.5,8,2
2021,12,9,10.2,8,2
2021,12,10,8.6,8,2
2021,12,11,9.4,8,2
2021,12,12,11.3,8,2
2021,12,13,9.7,8,2
2021,12,14,5.1,8,2
2021,12,15,7.6,8,2
2021,12,16,9.5,8,2
2021,12,17,8.7,8,2
2021,12,18,4.5,8,2
2021,12,19,4.3,8,2
2021,12,20,6.4,8,2
2021,12,21,8.2,8,2
2021,12,22,8.8,8,2
2021,12,23,8.3,8,2
2021,12,24,8,8,2
2021,12,25,8.3,8,2
2021,12,26,3.5,8,2
2021,12,27,2.7,8,2
2021,12,28,3.8,8,2
2021,12,29,4.2,8,2
2021,12,30,6.5,8,2
2021,12,31,3.2,8,2
2022,1,1,3.4,8,2
2022,1,2,3.5,8,2
2022,1,3,5.5,8,2
2022,1,4,5.2,8,2
2022,1,5,4.1,8,2
2022,1,6,0.7,8,2
2022,1,7,2.6,8,2
2022,1,8,4.5,8,2
2022,1,9,6.3,8,2
2022,1,10,7.7,8,2
2022,1,11,5.7,8,2
2022,1,12,5,8,2
2022,1,13,5.7,8,2
2022,1,14,4.4,8,2
2022,1,15,5.5,8,2
2022,1,16,5.4,8,2
2022,1,17,6,8,2
2022,1,18,4.4,8,2
2022,1,19,3.7,8,2
2022,1,20,3.4,8,2
2022,1,21,3,8,2
2022,1,22,4.5,8,2
2022,1,23,5.1,8,2
2022,1,24,6.4,8,2
2022,1,25,5.2,8,2
2022,1,26,5.5,8,2
2022,1,27,6.8,8,2
2022,1,28,6.6,8,2
2022,1,29,5.9,8,2
2022,1,30,5.2,8,2
2022,1,31,4.9,8,2
2022,2,1,5.6,8,2
2022,2,2,5.5,8,2
2022,2,3,5.8,8,2
2022,2,4,4.9,8,2
2022,2,5,3.5,8,2
2022,2,6,2.3,8,2
2022,2,7,4.5,8,2
2022,2,8,5.3,8,2
2022,2,9,6.2,8,2
2022,2,10,2.3,8,2
2022,2,11,4.1,8,2
2022,2,12,4.7,8,2
2022,2,13,3.1,8,2
2022,2,14,3.9,8,2
2022,2,15,5.5,8,2
2022,2,16,6,8,2
2022,2,17,4.6,8,2
2022,2,18,5.7,8,2
2022,2,19,5,8,2
2022,2,20,5.9,8,2
2022,2,21,4.1,8,2
2022,2,22,4.4,8,2
2022,2,23,4.4,8,2
2022,2,24,4.8,8,2
2022,2,25,6.5,8,2
2022,2,26,8.6,8,2
2022,2,27,9.5,8,2
2022,2,28,9.8,8,2
2022,3,1,11,8,2
2022,3,2,11.2,8,2
2022,3,3,9.5,8,2
2022,3,4,8.1,8,2
2022,3,5,11.2,8,2
2022,3,6,8.1,8,2
2022,3,7,8.3,8,2
2022,3,8,6.3,8,2
2022,3,9,7.9,8,2
2022,3,10,9,8,2
2022,3,11,12,8,2
2022,3,12,14.6,8,2
2022,3,13,14.7,8,2
2022,3,14,16.4,8,2
2022,3,15,12.7,8,2
2022,3,16,14.1,8,2
2022,3,17,14.1,8,2
2022,3,18,5.2,8,2
2022,3,19,10.1,8,2
2022,3,20,9.9,8,2
2022,3,21,9.6,8,2
2022,3,22,3.7,8,2
2022,3,23,5.2,8,2
2022,3,24,8.2,8,2
2022,3,25,12.2,8,2
2022,3,26,16.1,8,2
2022,3,27,16.2,8,2
2022,3,28,13.5,8,2
2022,3,29,10.2,8,2
2022,3,30,14.5,8,2
2022,3,31,15.1,8,2
2022,4,1,7.6,8,2
2022,4,2,8.5,8,2
2022,4,3,8.2,8,2
2022,4,4,8.5,8,2
2022,4,5,12.6,8,2
2022,4,6,15.5,8,2
2022,4,7,14.3,8,2
2022,4,8,15.4,8,2
2022,4,9,17.2,8,2
2022,4,10,19.6,8,2
2022,4,11,18.9,8,2
2022,4,12,20,8,2
2022,4,13,20.8,8,2
2022,4,14,12.3,8,2
2022,4,15,10.1,8,2
2022,4,16,12.5,8,2
2022,4,17,13.7,8,2
2022,4,18,14.3,8,2
2022,4,19,15.3,8,2
2022,4,20,12.2,8,2
2022,4,21,16.4,8,2
2022,4,22,19.2,8,2
2022,4,23,20.8,8,2
2022,4,24,17.3,8,2
2022,4,25,19.9,8,2
2022,4,26,21.3,8,2
2022,4,27,23,8,2
2022,4,28,16.9,8,2
2022,4,29,12.9,8,2
2022,4,30,12.6,8,2
2022,5,1,12.7,8,2
2022,5,2,13.3,8,2
2022,5,3,15.2,8,2
2022,5,4,17.9,8,2
2022,5,5,19.8,8,2
2022,5,6,19.5,8,2
2022,5,7,18.5,8,2
2022,5,8,18.3,8,2
2022,5,9,14.1,8,2
2022,5,10,16.5,8,2
2022,5,11,18.7,8,2
2022,5,12,19.4,8,2
2022,5,13,18.8,8,2
2022,5,14,21.8,8,2
2022,5,15,17.5,8,2
2022,5,16,14.5,8,2
2022,5,17,15.7,8,2
2022,5,18,18.8,8,2
2022,5,19,20.5,8,2
2022,5,20,21.2,8,2
2022,5,21,18.2,8,2
2022,5,22,19,8,2
2022,5,23,19.6,8,2
2022,5,24,20.9,8,2
2022,5,25,21.8,8,2
2022,5,26,21.6,8,2
2022,5,27,21,8,2
2022,5,28,22.4,8,2
2022,5,29,24.1,8,2
2022,5,30,22.3,8,2
2022,5,31,18.7,8,2
2022,6,1,21.8,8,2
2022,6,2,22.5,8,2
2022,6,3,20.6,8,2
2022,6,4,20.3,8,2
2022,6,5,21.5,8,2
2022,6,6,16.6,8,2
2022,6,7,16.8,8,2
2022,6,8,17.2,8,2
2022,6,9,19.1,8,2
2022,6,10,21.2,8,2
2022,6,11,21.9,8,2
2022,6,12,21.4,8,2
2022,6,13,21.2,8,2
2022,6,14,17.3,8,2
2022,6,15,16.9,8,2
2022,6,16,20.3,8,2
2022,6,17,22.8,8,2
2022,6,18,22.7,8,2
2022,6,19,24,8,2
2022,6,20,25.1,8,2
2022,6,21,25.2,8,2
2022,6,22,23.8,8,2
2022,6,23,23.5,8,2
2022,6,24,27.5,8,2
2022,6,25,30,8,2
2022,6,26,29.6,8,2
2022,6,27,29.5,8,2
2022,6,28,29.2,8,2
2022,6,29,29.4,8,2
2022,6,30,30.8,8,2
2022,7,1,30.4,8,2
2022,7,2,29.5,8,2
2022,7,3,28.9,8,2
2022,7,4,26.5,8,2
2022,7,5,26.2,8,2
2022,7,6,26,8,2
2022,7,7,25.5,8,2
2022,7,8,26,8,2
2022,7,9,26.6,8,2
2022,7,10,27.4,8,2
2022,7,11,28.1,8,2
2022,7,12,25.9,8,2
2022,7,13,23.7,8,2
2022,7,14,23.8,8,2
2022,7,15,23.8,8,2
2022,7,16,23.5,8,2
2022,7,17,25.4,8,2
2022,7,18,27.5,8,2
2022,7,19,27.4,8,2
2022,7,20,29.7,8,2
2022,7,21,28.1,8,2
2022,7,22,28.3,8,2
2022,7,23,28.7,8,2
2022,7,24,28.3,8,2
2022,7,25,29.2,8,2
2022,7,26,26.6,8,2
2022,7,27,29.4,8,2
2022,7,28,28.8,8,2
2022,7,29,29.1,8,2
2022,7,30,29.9,8,2
2022,7,31,30.8,8,2
2022,8,1,30.6,8,2
2022,8,2,31.6,8,2
2022,8,3,31.5,8,2
2022,8,4,24.6,8,2
2022,8,5,23.8,8,2
2022,8,6,25.2,8,2
2022,8,7,27.6,8,2
2022,8,8,29.8,8,2
2022,8,9,30.9,8,2
2022,8,10,30.5,8,2
2022,8,11,29.5,8,2
2022,8,12,28.3,8,2
2022,8,13,25.5,8,2
2022,8,14,28.2,8,2
2022,8,15,29.4,8,2
2022,8,16,31,8,2
2022,8,17,27.3,8,2
2022,8,18,26.8,8,2
2022,8,19,27.5,8,2
2022,8,20,26.4,8,2
2022,8,21,26,8,2
2022,8,22,26.2,8,2
2022,8,23,28.7,8,2
2022,8,24,27.8,8,2
2022,8,25,25.7,8,2
2022,8,26,27,8,2
2022,8,27,29,8,2
2022,8,28,23.7,8,2
2022,8,29,23.3,8,2
2022,8,30,22.8,8,2
2022,8,31,27.1,8,2
2022,9,1,27.1,8,2
2022,9,2,23.2,8,2
2022,9,3,24.6,8,2
2022,9,4,26.1,8,2
2022,9,5,26.6,8,2
2022,9,6,27.8,8,2
2022,9,7,26.8,8,2
2022,9,8,23.5,8,2
2022,9,9,24.5,8,2
2022,9,10,25.3,8,2
2022,9,11,24.4,8,2
2022,9,12,25.8,8,2
2022,9,13,26.1,8,2
2022,9,14,26.7,8,2
2022,9,15,23.6,8,2
2022,9,16,25.1,8,2
2022,9,17,26.9,8,2
2022,9,18,25.2,8,2
2022,9,19,27.1,8,2
2022,9,20,22.3,8,2
2022,9,21,19.5,8,2
2022,9,22,20.3,8,2
2022,9,23,21.7,8,2
2022,9,24,23.1,8,2
2022,9,25,22.9,8,2
2022,9,26,23.3,8,2
2022,9,27,23.2,8,2
2022,9,28,22.8,8,2
2022,9,29,22.4,8,2
2022,9,30,23.2,8,2
2022,10,1,23.6,8,2
2022,10,2,23.5,8,2
2022,10,3,23,8,2
2022,10,4,25.2,8,2
2022,10,5,19.8,8,2
2022,10,6,13.1,8,2
2022,10,7,12.4,8,2
2022,10,8,16.1,8,2
2022,10,9,17,8,2
2022,10,10,18.1,8,2
2022,10,11,21.6,8,2
2022,10,12,18.5,8,2
2022,10,13,15.8,8,2
2022,10,14,17.9,8,2
2022,10,15,20.2,8,2
2022,10,16,20,8,2
2022,10,17,20.1,8,2
2022,10,18,16.2,8,2
2022,10,19,14.6,8,2
2022,10,20,14.7,8,2
2022,10,21,16.7,8,2
2022,10,22,16.6,8,2
2022,10,23,18.2,8,2
2022,10,24,13.3,8,2
2022,10,25,12.8,8,2
2022,10,26,13.8,8,2
2022,10,27,12.8,8,2
2022,10,28,13.5,8,2
2022,10,29,15.8,8,2
2022,10,30,13.8,8,2
2022,10,31,14.7,8,2
2022,11,1,14.8,8,2
2022,11,2,16.7,8,2
2022,11,3,17.8,8,2
2022,11,4,15.5,8,2
2022,11,5,14,8,2
2022,11,6,13.5,8,2
2022,11,7,13.7,8,2
2022,11,8,15.9,8,2
2022,11,9,14.6,8,2
2022,11,10,15.2,8,2
2022,11,11,16.1,8,2
2022,11,12,16.6,8,2
2022,11,13,18,8,2
2022,11,14,16.1,8,2
2022,11,15,11.1,8,2
2022,11,16,12.4,8,2
2022,11,17,12.8,8,2
2022,11,18,13.2,8,2
2022,11,19,13.7,8,2
2022,11,20,11.6,8,2
2022,11,21,13.4,8,2
2022,11,22,15.4,8,2
2022,11,23,11.7,8,2
2022,11,24,15.3,8,2
2022,11,25,13.5,8,2
2022,11,26,12.7,8,2
2022,11,27,14.4,8,2
2022,11,28,11.7,8,2
2022,11,29,16.7,8,2
2022,11,30,16.6,8,2
2022,12,1,10.1,8,2
2022,12,2,9.4,8,2
2022,12,3,7.8,8,2
2022,12,4,10.2,8,2
2022,12,5,7.6,8,2
2022,12,6,6.1,8,2
2022,12,7,8.5,8,2
2022,12,8,9.3,8,2
2022,12,9,9.3,8,2
2022,12,10,10.4,8,2
2022,12,11,9.5,8,2
2022,12,12,8.2,8,2
2022,12,13,7.2,8,2
2022,12,14,9.2,8,2
2022,12,15,7,8,2
2022,12,16,8.2,8,2
2022,12,17,6.7,8,2
2022,12,18,6.5,8,2
2022,12,19,4.9,8,2
2022,12,20,5.4,8,2
2022,12,21,6.5,8,2
2022,12,22,7.2,8,2
2022,12,23,5.4,8,2
2022,12,24,6.2,8,2
2022,12,25,6.9,8,2
2022,12,26,6.3,8,2
2022,12,27,6.8,8,2
2022,12,28,6.5,8,2
2022,12,29,8.1,8,2
2022,12,30,6.6,8,2
2022,12,31,5.7,8,2
2023,1,1,6.6,8,2
2023,1,2,6.2,8,2
2023,1,3,5.8,8,2
2023,1,4,5.6,8,2
2023,1,5,5.9,8,2
2023,1,6,5.3,8,2
2023,1,7,6,8,2
2023,1,8,7,8,2
2023,1,9,8,8,2
2023,1,10,6.3,8,2
2023,1,11,5.4,8,2
2023,1,12,6.1,8,2
2023,1,13,8.7,8,2
2023,1,14,9.5,8,2
2023,1,15,10.3,8,2
2023,1,16,6.3,8,2
2023,1,17,4.7,8,2
2023,1,18,7.3,8,2
2023,1,19,6.3,8,2
2023,1,20,7.6,8,2
2023,1,21,5.6,8,2
2023,1,22,4.9,8,2
2023,1,23,4.5,8,2
2023,1,24,4.7,8,2
2023,1,25,-0.3,8,2
2023,1,26,3,8,2
2023,1,27,3.8,8,2
2023,1,28,3.7,8,2
2023,1,29,3.4,8,2
2023,1,30,4.2,8,2
2023,1,31,4.6,8,2
2023,2,1,6.8,8,2
2023,2,2,6.4,8,2
2023,2,3,4.8,8,2
2023,2,4,6.5,8,2
2023,2,5,6.8,8,2
2023,2,6,7.8,8,2
2023,2,7,10.5,8,2
2023,2,8,8.7,8,2
2023,2,9,6.2,8,2
2023,2,10,1.9,8,2
2023,2,11,8.7,8,2
2023,2,12,11,8,2
2023,2,13,7.7,8,2
2023,2,14,5.6,8,2
2023,2,15,3.5,8,2
2023,2,16,4.1,8,2
2023,2,17,5.7,8,2
2023,2,18,8.9,8,2
2023,2,19,11.8,8,2
2023,2,20,9.7,8,2
2023,2,21,4.7,8,2
2023,2,22,5.5,8,2
2023,2,23,8.5,8,2
2023,2,24,8.9,8,2
2023,2,25,7.5,8,2
2023,2,26,6,8,2
2023,2,27,8.7,8,2
2023,2,28,11.6,8,2
2023,3,1,13.8,8,2
2023,3,2,12.8,8,2
2023,3,3,7.8,8,2
2023,3,4,10.5,8,2
2023,3,5,9.5,8,2
2023,3,6,9.9,8,2
2023,3,7,12.1,8,2
2023,3,8,14,8,2
2023,3,9,15.9,8,2
2023,3,10,17.3,8,2
2023,3,11,14.7,8,2
2023,3,12,14.5,8,2
2023,3,13,13.9,8,2
2023,3,14,10,8,2
2023,3,15,12.3,8,2
2023,3,16,14.5,8,2
2023,3,17,12.5,8,2
2023,3,18,8.1,8,2
2023,3,19,10,8,2
2023,3,20,13.1,8,2
2023,3,21,14.7,8,2
2023,3,22,17.2,8,2
2023,3,23,16.5,8,2
2023,3,24,18.1,8,2
2023,3,25,11,8,2
2023,3,26,11.4,8,2
2023,3,27,13.4,8,2
2023,3,28,10.2,8,2
2023,3,29,12.6,8,2
2023,3,30,14.1,8,2
2023,3,31,15,8,2
2023,4,1,16,8,2
2023,4,2,14.1,8,2
2023,4,3,12.8,8,2
2023,4,4,14,8,2
2023,4,5,16.1,8,2
2023,4,6,18.8,8,2
2023,4,7,18.5,8,2
2023,4,8,14.6,8,2
2023,4,9,11.8,8,2
2023,4,10,14.6,8,2
2023,4,11,18.2,8,2
2023,4,12,19.2,8,2
2023,4,13,16.1,8,2
2023,4,14,18.2,8,2
2023,4,15,14.3,8,2
2023,4,16,16.2,8,2
2023,4,17,15.1,8,2
2023,4,18,13.6,8,2
2023,4,19,18,8,2
2023,4,20,20.4,8,2
2023,4,21,21.6,8,2
2023,4,22,14.9,8,2
2023,4,23,14.2,8,2
2023,4,24,13.2,8,2
2023,4,25,14.1,8,2
2023,4,26,15.6,8,2
2023,4,27,17.2,8,2
2023,4,28,18.7,8,2
2023,4,29,19.4,8,2
2023,4,30,19.7,8,2
2023,5,1,17.8,8,2
2023,5,2,17.4,8,2
2023,5,3,17.8,8,2
2023,5,4,19.7,8,2
2023,5,5,21.1,8,2
2023,5,6,23,8,2
2023,5,7,17.6,8,2
2023,5,8,12.9,8,2
2023,5,9,15.1,8,2
2023,5,10,17.7,8,2
2023,5,11,15.8,8,2
2023,5,12,17.1,8,2
2023,5,13,16.7,8,2
2023,5,14,16.9,8,2
2023,5,15,16.1,8,2
2023,5,16,19.9,8,2
2023,5,17,22.8,8,2
2023,5,18,25.4,8,2
2023,5,19,20.6,8,2
2023,5,20,18.8,8,2
2023,5,21,21.1,8,2
2023,5,22,22.5,8,2
2023,5,23,13.9,8,2
2023,5,24,18.2,8,2
2023,5,25,18.6,8,2
2023,5,26,20.1,8,2
2023,5,27,21.2,8,2
2023,5,28,21.6,8,2
2023,5,29,19.8,8,2
2023,5,30,21.4,8,2
2023,5,31,19.3,8,2
2023,6,1,20.8,8,2
2023,6,2,21.3,8,2
2023,6,3,20,8,2
2023,6,4,21.6,8,2
2023,6,5,23.1,8,2
2023,6,6,20.7,8,2
2023,6,7,22.5,8,2
2023,6,8,23.1,8,2
2023,6,9,20.2,8,2
2023,6,10,22.4,8,2
2023,6,11,21.2,8,2
2023,6,12,21.3,8,2
2023,6,13,23.7,8,2
2023,6,14,23.6,8,2
2023,6,15,21.7,8,2
2023,6,16,24.6,8,2
2023,6,17,25.4,8,2
2023,6,18,25.7,8,2
2023,6,19,23.7,8,2
2023,6,20,22.5,8,2
2023,6,21,22.6,8,2
2023,6,22,19.9,8,2
2023,6,23,21.1,8,2
2023,6,24,24.7,8,2
2023,6,25,25.8,8,2
2023,6,26,25.9,8,2
2023,6,27,25.9,8,2
2023,6,28,27.1,8,2
2023,6,29,27.3,8,2
2023,6,30,26.3,8,2
2023,7,1,25.3,8,2
2023,7,2,26,8,2
2023,7,3,27.3,8,2
2023,7,4,25.9,8,2
2023,7,5,25.2,8,2
2023,7,6,26.4,8,2
2023,7,7,28.4,8,2
2023,7,8,27.8,8,2
2023,7,9,28.6,8,2
2023,7,10,30.2,8,2
2023,7,11,29.4,8,2
2023,7,12,30.8,8,2
2023,7,13,28,8,2
2023,7,14,27.4,8,2
2023,7,15,28.8,8,2
2023,7,16,30.2,8,2
2023,7,17,31.3,8,2
2023,7,18,31.8,8,2
2023,7,19,29.7,8,2
2023,7,20,28.1,8,2
2023,7,21,27.2,8,2
2023,7,22,27.2,8,2
2023,7,23,27.7,8,2
2023,7,24,28.5,8,2
2023,7,25,29.8,8,2
2023,7,26,31,8,2
2023,7,27,30.6,8,2
2023,7,28,30.4,8,2
2023,7,29,30,8,2
2023,7,30,30.3,8,2
2023,7,31,30.7,8,2
2023,8,1,26,8,2
2023,8,2,28.9,8,2
2023,8,3,30.2,8,2
2023,8,4,31.3,8,2
2023,8,5,30.4,8,2
2023,8,6,28.6,8,2
2023,8,7,29.4,8,2
2023,8,8,30.1,8,2
2023,8,9,28.2,8,2
2023,8,10,29.5,8,2
2023,8,11,29.5,8,2
2023,8,12,29.7,8,2
2023,8,13,27.4,8,2
2023,8,14,28.6,8,2
2023,8,15,28.6,8,2
2023,8,16,28.1,8,2
2023,8,17,29.9,8,2
2023,8,18,30,8,2
2023,8,19,30.3,8,2
2023,8,20,30.3,8,2
2023,8,21,29.8,8,2
2023,8,22,28.6,8,2
2023,8,23,29.4,8,2
2023,8,24,29.5,8,2
2023,8,25,29.6,8,2
2023,8,26,28.1,8,2
2023,8,27,28,8,2
2023,8,28,29.2,8,2
2023,8,29,29.4,8,2
2023,8,30,29.6,8,2
2023,8,31,29,8,2
2023,9,1,29.2,8,2
2023,9,2,29.6,8,2
2023,9,3,29.1,8,2
2023,9,4,26.1,8,2
2023,9,5,29.3,8,2
2023,9,6,27.5,8,2
2023,9,7,27,8,2
2023,9,8,21.9,8,2
2023,9,9,24.8,8,2
2023,9,10,27.8,8,2
2023,9,11,28.1,8,2
2023,9,12,27.7,8,2
2023,9,13,28,8,2
2023,9,14,28.2,8,2
2023,9,15,27.4,8,2
2023,9,16,27.9,8,2
2023,9,17,28.7,8,2
2023,9,18,28.9,8,2
2023,9,19,29,8,2
2023,9,20,27.2,8,2
2023,9,21,26.7,8,2
2023,9,22,24.8,8,2
2023,9,23,22.1,8,2
2023,9,24,22.2,8,2
2023,9,25,22.4,8,2
2023,9,26,24.6,8,2
2023,9,27,25.3,8,2
2023,9,28,27.4,8,2
2023,9,29,26.3,8,2
2023,9,30,25.6,8,2
2023,10,1,25.6,8,2
2023,10,2,23.3,8,2
2023,10,3,22.8,8,2
2023,10,4,18.7,8,2
2023,10,5,20,8,2
2023,10,6,20.8,8,2
2023,10,7,20.4,8,2
2023,10,8,18.1,8,2
2023,10,9,15.4,8,2
2023,10,10,20.2,8,2
2023,10,11,19.8,8,2
2023,10,12,19.4,8,2
2023,10,13,18.5,8,2
2023,10,14,18.2,8,2
2023,10,15,14.9,8,2
2023,10,16,19,8,2
2023,10,17,19.5,8,2
2023,10,18,18.9,8,2
2023,10,19,20.3,8,2
2023,10,20,21.8,8,2
2023,10,21,19,8,2
2023,10,22,15.9,8,2
2023,10,23,16.7,8,2
2023,10,24,17.7,8,2
2023,10,25,17.7,8,2
2023,10,26,16.9,8,2
2023,10,27,17.8,8,2
2023,10,28,17.5,8,2
2023,10,29,16.3,8,2
2023,10,30,16.9,8,2
2023,10,31,17.2,8,2
2023,11,1,18,8,2
2023,11,2,18.2,8,2
2023,11,3,18.8,8,2
2023,11,4,19.7,8,2
2023,11,5,20,8,2
2023,11,6,21.4,8,2
2023,11,7,22.3,8,2
2023,11,8,17.7,8,2
2023,11,9,17.1,8,2
2023,11,10,15.5,8,2
2023,11,11,13.7,8,2
2023,11,12,10,8,2
2023,11,13,11.1,8,2
2023,11,14,12.1,8,2
2023,11,15,11.8,8,2
2023,11,16,12.9,8,2
2023,11,17,11.5,8,2
2023,11,18,12.3,8,2
2023,11,19,12.1,8,2
2023,11,20,12.4,8,2
2023,11,21,11.9,8,2
2023,11,22,13.4,8,2
2023,11,23,14.7,8,2
2023,11,24,16.7,8,2
2023,11,25,10.5,8,2
2023,11,26,7.7,8,2
2023,11,27,11,8,2
2023,11,28,13.9,8,2
2023,11,29,11.5,8,2
2023,11,30,11.3,8,2
2023,12,1,8.7,8,2
2023,12,2,8.3,8,2
2023,12,3,9.1,8,2
2023,12,4,8.7,8,2
2023,12,5,8.1,8,2
2023,12,6,11.4,8,2
2023,12,7,12.9,8,2
2023,12,8,12.3,8,2
2023,12,9,11.9,8,2
2023,12,10,13,8,2
2023,12,11,13.4,8,2
2023,12,12,11.9,8,2
2023,12,13,10.8,8,2
2023,12,14,10.2,8,2
2023,12,15,11,8,2
2023,12,16,17,8,2
2023,12,17,11.2,8,2
2023,12,18,7,8,2
2023,12,19,7,8,2
2023,12,20,8.5,8,2
2023,12,21,7.7,8,2
2023,12,22,5.3,8,2
2023,12,23,5,8,2
2023,12,24,4.9,8,2
2023,12,25,6.3,8,2
2023,12,26,7.6,8,2
2023,12,27,8.4,8,2
2023,12,28,7,8,2
2023,12,29,7.8,8,2
2023,12,30,9,8,2
2023,12,31,9.2,8,2